path,family,selectedTerminology,searchRole,title,description,canonical,h1,languages,schemaTypes,decision,passed
"/","static","Mietausstattung für deinen Urlaub in Valencia","Established brand, service, navigation or policy intent","Mietausstattung für deinen Urlaub in Valencia | Rent&Roll","Kinderwagen, Reisebetten, Elektromobile und weitere Mietartikel für deinen Aufenthalt in Valencia. Prüfe Verfügbarkeit, Abholung und Lieferung.","https://rentandroll.com/de","[""Reise mit leichtem Gepäck. Miete alles, was du brauchst.""]","{""en"":""https://rentandroll.com"",""es"":""https://rentandroll.com/es"",""de"":""https://rentandroll.com/de"",""x-default"":""https://rentandroll.com""}","[""LocalBusiness"",""WebSite""]","Existing owner retained; German type and local intent sense-checked; no new URL","true"
"/about","static","Über Rent&Roll Mietausstattung in Valencia","Established brand, service, navigation or policy intent","Über Rent&Roll: Mietausstattung in Valencia","Lerne Rent&Roll kennen: Wir helfen dir, mit leichtem Gepäck nach Valencia zu reisen und passende Ausstattung für deinen Aufenthalt vor Ort zu mieten.","https://rentandroll.com/de/about","[""Reise mit leichtem Gepäck. Fühl dich wie zu Hause.""]","{""en"":""https://rentandroll.com/about"",""es"":""https://rentandroll.com/es/about"",""de"":""https://rentandroll.com/de/about"",""x-default"":""https://rentandroll.com/about""}","[""AboutPage"",""Organization""]","Existing owner retained; German type and local intent sense-checked; no new URL","true"
"/agent-network","static","Lokales Partnernetzwerk in Valencia","Established brand, service, navigation or policy intent","Lokales Partnernetzwerk in Valencia | Rent&Roll","Entdecke das lokale Partnernetzwerk von Rent&Roll in Valencia. Erfahre, wie Gastgeber und Partner Mietausstattung für Gäste vermitteln können.","https://rentandroll.com/de/agent-network","[""Unserem Partnernetzwerk in deiner Stadt beitreten""]","{""en"":""https://rentandroll.com/agent-network"",""es"":""https://rentandroll.com/es/agent-network"",""de"":""https://rentandroll.com/de/agent-network"",""x-default"":""https://rentandroll.com/agent-network""}","[]","Existing owner retained; German type and local intent sense-checked; no new URL","true"
"/blog","static","Valencia Reisetipps und Reiseführer","Established brand, service, navigation or policy intent","Valencia: Reisetipps und Reiseführer | Rent&Roll","Reisetipps für Valencia: Entdecke unsere Ratgeber für Familien, barrierefreies Reisen und digitale Nomaden und plane deinen Aufenthalt vor Ort.","https://rentandroll.com/de/blog","[""Reisetipps und Reiseführer für Valencia""]","{""en"":""https://rentandroll.com/blog"",""es"":""https://rentandroll.com/es/blog"",""de"":""https://rentandroll.com/de/blog"",""x-default"":""https://rentandroll.com/blog""}","[""CollectionPage""]","Existing owner retained; German type and local intent sense-checked; no new URL","true"
"/blog/best-beaches-valencia-families","blog-article","Valencias beste Strände für Familien Reiseführer 2026","Informational trip-planning or rental decision","Valencias beste Strände für Familien: Reiseführer 2026","Valencias Familienstrände vergleichen: Malvarrosa, Patacona, El Saler und Cabanyal – mit praktischen Tipps zu Ausstattung und Erreichbarkeit.","https://rentandroll.com/de/blog/best-beaches-valencia-families","[""Die besten Strände in Valencia für Familien mit Kindern""]","{""en"":""https://rentandroll.com/blog/best-beaches-valencia-families"",""es"":""https://rentandroll.com/es/blog/best-beaches-valencia-families"",""de"":""https://rentandroll.com/de/blog/best-beaches-valencia-families"",""x-default"":""https://rentandroll.com/blog/best-beaches-valencia-families""}","[""Article"",""BreadcrumbList"",""FAQPage""]","Existing owner retained; German type and local intent sense-checked; no new URL","true"
"/blog/best-day-trips-from-valencia","blog-article","Die besten Tagesausflüge ab Valencia 4 besondere Ziele","Informational trip-planning or rental decision","Die besten Tagesausflüge ab Valencia: 4 besondere Ziele","Vier Tagesausflüge ab Valencia nach Sagunto, Requena, Xàtiva und Albufera: mit Anreise, Sehenswürdigkeiten und praktischen Tipps zur Tagesplanung.","https://rentandroll.com/de/blog/best-day-trips-from-valencia","[""Die besten Tagesausflüge ab Valencia – Burgen, Wein, Seen und Geschichte""]","{""en"":""https://rentandroll.com/blog/best-day-trips-from-valencia"",""es"":""https://rentandroll.com/es/blog/best-day-trips-from-valencia"",""de"":""https://rentandroll.com/de/blog/best-day-trips-from-valencia"",""x-default"":""https://rentandroll.com/blog/best-day-trips-from-valencia""}","[""Article"",""BreadcrumbList"",""FAQPage""]","Existing owner retained; German type and local intent sense-checked; no new URL","true"
"/blog/digital-nomad-guide-valencia","blog-article","Valencia für digitale Nomaden Reiseführer 2026","Informational trip-planning or rental decision","Valencia für digitale Nomaden: Reiseführer 2026","Warum Valencia zu Europas gefragten Orten für mobiles Arbeiten gehört: Visum, Lebenshaltungskosten, Internet, Coworking und das eigene Homeoffice.","https://rentandroll.com/de/blog/digital-nomad-guide-valencia","[""Valencia für digitale Nomaden: Leben und Arbeiten vor Ort""]","{""en"":""https://rentandroll.com/blog/digital-nomad-guide-valencia"",""es"":""https://rentandroll.com/es/blog/digital-nomad-guide-valencia"",""de"":""https://rentandroll.com/de/blog/digital-nomad-guide-valencia"",""x-default"":""https://rentandroll.com/blog/digital-nomad-guide-valencia""}","[""Article"",""BreadcrumbList"",""FAQPage""]","Existing owner retained; German type and local intent sense-checked; no new URL","true"
"/blog/home-office-setup-valencia-apartment","blog-article","Homeoffice in einer Ferienwohnung in Valencia einrichten","Informational trip-planning or rental decision","Homeoffice in einer Ferienwohnung in Valencia einrichten","Eine praktische Checkliste fürs Homeoffice in Valencia: Internet, Schreibtisch, Monitor, Stuhl, Videogespräche, Licht und sommerliche Hitze.","https://rentandroll.com/de/blog/home-office-setup-valencia-apartment","[""So richtest du ein vorübergehendes Homeoffice in Valencia ein""]","{""en"":""https://rentandroll.com/blog/home-office-setup-valencia-apartment"",""es"":""https://rentandroll.com/es/blog/home-office-setup-valencia-apartment"",""de"":""https://rentandroll.com/de/blog/home-office-setup-valencia-apartment"",""x-default"":""https://rentandroll.com/blog/home-office-setup-valencia-apartment""}","[""Article"",""BreadcrumbList"",""FAQPage""]","Existing owner retained; German type and local intent sense-checked; no new URL","true"
"/blog/rent-vs-buy-baby-gear-valencia","blog-article","Babyausstattung in Valencia mieten oder kaufen?","Informational trip-planning or rental decision","Babyausstattung in Valencia: mieten oder kaufen?","Babyausstattung in Valencia mieten oder kaufen: Kinderwagen, Reisebetten, Hochstühle und Autositze im Vergleich – mit Tipps zu Reisedauer und Lieferung.","https://rentandroll.com/de/blog/rent-vs-buy-baby-gear-valencia","[""Babyausstattung in Valencia: mieten, mitbringen oder kaufen?""]","{""en"":""https://rentandroll.com/blog/rent-vs-buy-baby-gear-valencia"",""es"":""https://rentandroll.com/es/blog/rent-vs-buy-baby-gear-valencia"",""de"":""https://rentandroll.com/de/blog/rent-vs-buy-baby-gear-valencia"",""x-default"":""https://rentandroll.com/blog/rent-vs-buy-baby-gear-valencia""}","[""Article"",""BreadcrumbList"",""FAQPage""]","Existing owner retained; German type and local intent sense-checked; no new URL","true"
"/blog/valencia-summer-survival-guide","blog-article","Valencia im Sommer Tipps gegen die Hitze (2026)","Informational trip-planning or rental decision","Valencia im Sommer: Tipps gegen die Hitze (2026)","Valencias Sommerhitze gut planen: Tagesrhythmus, Strandtipps und ein praktischer Vergleich von Ventilatoren, mobilen Klimageräten und Luftreinigern.","https://rentandroll.com/de/blog/valencia-summer-survival-guide","[""So überstehst und genießt du den Sommer in Valencia""]","{""en"":""https://rentandroll.com/blog/valencia-summer-survival-guide"",""es"":""https://rentandroll.com/es/blog/valencia-summer-survival-guide"",""de"":""https://rentandroll.com/de/blog/valencia-summer-survival-guide"",""x-default"":""https://rentandroll.com/blog/valencia-summer-survival-guide""}","[""Article"",""BreadcrumbList"",""FAQPage""]","Existing owner retained; German type and local intent sense-checked; no new URL","true"
"/blog/valencia-with-kids-complete-guide","blog-article","Valencia mit Kindern der vollständige Familienreiseführer","Informational trip-planning or rental decision","Valencia mit Kindern: der vollständige Familienreiseführer","Alles für Familien in Valencia: die besten Strände, kinderfreundliche Sehenswürdigkeiten, Wege mit Kinderwagen und passende Mietausstattung.","https://rentandroll.com/de/blog/valencia-with-kids-complete-guide","[""Dein vollständiger Reiseführer für Valencia mit Kindern""]","{""en"":""https://rentandroll.com/blog/valencia-with-kids-complete-guide"",""es"":""https://rentandroll.com/es/blog/valencia-with-kids-complete-guide"",""de"":""https://rentandroll.com/de/blog/valencia-with-kids-complete-guide"",""x-default"":""https://rentandroll.com/blog/valencia-with-kids-complete-guide""}","[""Article"",""BreadcrumbList"",""FAQPage""]","Existing owner retained; German type and local intent sense-checked; no new URL","true"
"/blog/wheelchair-accessibility-valencia","blog-article","Valencia mit Rollstuhl praktischer Reiseführer 2026","Informational trip-planning or rental decision","Valencia mit Rollstuhl: praktischer Reiseführer 2026","Valencia mit Rollstuhl planen: geprüfte Hinweise zu Verkehrsmitteln, Stränden, Sehenswürdigkeiten, Unterkünften und gemieteten Mobilitätshilfen.","https://rentandroll.com/de/blog/wheelchair-accessibility-valencia","[""Ein praktischer Reiseführer für Valencia mit Rollstuhl""]","{""en"":""https://rentandroll.com/blog/wheelchair-accessibility-valencia"",""es"":""https://rentandroll.com/es/blog/wheelchair-accessibility-valencia"",""de"":""https://rentandroll.com/de/blog/wheelchair-accessibility-valencia"",""x-default"":""https://rentandroll.com/blog/wheelchair-accessibility-valencia""}","[""Article"",""BreadcrumbList"",""FAQPage""]","Existing owner retained; German type and local intent sense-checked; no new URL","true"
"/contact","static","Kontakt zu Rent&Roll in Valencia","Established brand, service, navigation or policy intent","Kontakt zu Rent&Roll in Valencia","Kontaktiere Rent&Roll in Valencia bei Fragen zu Mietartikeln, deiner Buchung oder der Übergabe. Unser Team hilft dir, deinen Aufenthalt zu planen.","https://rentandroll.com/de/contact","[""Kontakt zu Rent&Roll""]","{""en"":""https://rentandroll.com/contact"",""es"":""https://rentandroll.com/es/contact"",""de"":""https://rentandroll.com/de/contact"",""x-default"":""https://rentandroll.com/contact""}","[""ContactPage""]","Existing owner retained; German type and local intent sense-checked; no new URL","true"
"/cookies","static","Cookie-Richtlinie","Established brand, service, navigation or policy intent","Cookie-Richtlinie","Cookies sind kleine Dateien, die Websites und Dienstleister in deinem Browser speichern können. Rent&Roll verwendet außerdem Local Storage, um deine…","https://rentandroll.com/de/cookies","[""Cookie-Richtlinie""]","{""en"":""https://rentandroll.com/cookies"",""es"":""https://rentandroll.com/es/cookies"",""de"":""https://rentandroll.com/de/cookies"",""x-default"":""https://rentandroll.com/cookies""}","[]","Existing owner retained; German type and local intent sense-checked; no new URL","true"
"/discover","static","Valencia entdecken Viertel, Strände und Ausflüge","Established brand, service, navigation or policy intent","Valencia entdecken: Viertel, Strände und Ausflüge","Entdecke Valencia mit unseren Reiseführern zu Stadtvierteln, Stränden, Sehenswürdigkeiten, Veranstaltungen und Tagesausflügen in die Umgebung.","https://rentandroll.com/de/discover","[""Entdecke Valencia""]","{""en"":""https://rentandroll.com/discover"",""es"":""https://rentandroll.com/es/discover"",""de"":""https://rentandroll.com/de/discover"",""x-default"":""https://rentandroll.com/discover""}","[""CollectionPage""]","Existing owner retained; German type and local intent sense-checked; no new URL","true"
"/discover/albufera","discover","Naturpark Albufera Tagesausflug ab Valencia","Local destination, place or event-planning intent","Naturpark Albufera: Tagesausflug ab Valencia","Plane einen Tagesausflug zum Naturpark Albufera ab Valencia: Bootstouren, Paella in El Palmar, Vogelbeobachtung, Sonnenuntergänge und Anreise.","https://rentandroll.com/de/discover/albufera","[""Naturpark Albufera""]","{""en"":""https://rentandroll.com/discover/albufera"",""es"":""https://rentandroll.com/es/discover/albufera"",""de"":""https://rentandroll.com/de/discover/albufera"",""x-default"":""https://rentandroll.com/discover/albufera""}","[""TouristDestination"",""BreadcrumbList"",""FAQPage""]","Existing owner retained; German type and local intent sense-checked; no new URL","true"
"/discover/attractions","discover","Valencias Sehenswürdigkeiten Was du sehen kannst","Local destination, place or event-planning intent","Valencias Sehenswürdigkeiten: Was du sehen kannst","Praktische Reiseführer zu Valencias Sehenswürdigkeiten: Oceanogràfic, Stadt der Künste und Wissenschaften, Zentralmarkt, La Lonja und Turia-Gärten.","https://rentandroll.com/de/discover/attractions","[""Sehenswürdigkeiten und Attraktionen""]","{""en"":""https://rentandroll.com/discover/attractions"",""es"":""https://rentandroll.com/es/discover/attractions"",""de"":""https://rentandroll.com/de/discover/attractions"",""x-default"":""https://rentandroll.com/discover/attractions""}","[""CollectionPage"",""BreadcrumbList"",""FAQPage""]","Existing owner retained; German type and local intent sense-checked; no new URL","true"
"/discover/beaches","discover","Valencias Strände Den passenden Strand finden","Local destination, place or event-planning intent","Valencias Strände: Den passenden Strand finden","Vergleiche Valencias Strände für Familien, Baden, Barrierefreiheit und ruhigere Tage – mit praktischer Anreise und Reiseführern zu den einzelnen Stränden.","https://rentandroll.com/de/discover/beaches","[""Valencias Strände entdecken""]","{""en"":""https://rentandroll.com/discover/beaches"",""es"":""https://rentandroll.com/es/discover/beaches"",""de"":""https://rentandroll.com/de/discover/beaches"",""x-default"":""https://rentandroll.com/discover/beaches""}","[""CollectionPage"",""BreadcrumbList"",""FAQPage""]","Existing owner retained; German type and local intent sense-checked; no new URL","true"
"/discover/benimaclet","discover","Benimaclet in Valencia Reiseführer durch das Viertel","Local destination, place or event-planning intent","Benimaclet in Valencia: Reiseführer durch das Viertel","Entdecke Benimaclet in Valencia: dörfliche Atmosphäre, Wochenmarkt, lokale Gastronomie und Verkehrsanbindungen. Mit praktischen Tipps für deinen Besuch.","https://rentandroll.com/de/discover/benimaclet","[""Benimaclet""]","{""en"":""https://rentandroll.com/discover/benimaclet"",""es"":""https://rentandroll.com/es/discover/benimaclet"",""de"":""https://rentandroll.com/de/discover/benimaclet"",""x-default"":""https://rentandroll.com/discover/benimaclet""}","[""TouristDestination"",""BreadcrumbList"",""FAQPage""]","Existing owner retained; German type and local intent sense-checked; no new URL","true"
"/discover/bioparc-valencia","discover","BIOPARC Valencia Tickets, Zugang und Familientipps","Local destination, place or event-planning intent","BIOPARC Valencia: Tickets, Zugang und Familientipps","Plane deinen Besuch im BIOPARC Valencia: Ticketinformationen, Anreise, Zeitbedarf, Barrierefreiheit und praktische Tipps für einen Tag mit Kindern.","https://rentandroll.com/de/discover/bioparc-valencia","[""BIOPARC Valencia""]","{""en"":""https://rentandroll.com/discover/bioparc-valencia"",""es"":""https://rentandroll.com/es/discover/bioparc-valencia"",""de"":""https://rentandroll.com/de/discover/bioparc-valencia"",""x-default"":""https://rentandroll.com/discover/bioparc-valencia""}","[""TouristDestination"",""BreadcrumbList"",""FAQPage""]","Existing owner retained; German type and local intent sense-checked; no new URL","true"
"/discover/bunol-day-trip","discover","Buñol Tagesausflug ab Valencia mit Burg und Altstadt","Local destination, place or event-planning intent","Buñol: Tagesausflug ab Valencia mit Burg und Altstadt","Plane einen Tagesausflug von Valencia nach Buñol: Burg, Altstadt und Natur, mit realistischen Fußwegen, Verkehrsinfos und Hinweisen zum Tomatina-Tag.","https://rentandroll.com/de/discover/bunol-day-trip","[""Buñol""]","{""en"":""https://rentandroll.com/discover/bunol-day-trip"",""es"":""https://rentandroll.com/es/discover/bunol-day-trip"",""de"":""https://rentandroll.com/de/discover/bunol-day-trip"",""x-default"":""https://rentandroll.com/discover/bunol-day-trip""}","[""TouristDestination"",""BreadcrumbList"",""FAQPage""]","Existing owner retained; German type and local intent sense-checked; no new URL","true"
"/discover/cabanyal","discover","Cabanyal in Valencia Reiseführer durch das Strandviertel","Local destination, place or event-planning intent","Cabanyal in Valencia: Reiseführer durch das Strandviertel","Entdecke Cabanyal, Valencias maritimes Viertel: bunte Fliesenfassaden, lokale Restaurants, den Strand Las Arenas und praktische Tipps für deinen Besuch.","https://rentandroll.com/de/discover/cabanyal","[""Cabanyal""]","{""en"":""https://rentandroll.com/discover/cabanyal"",""es"":""https://rentandroll.com/es/discover/cabanyal"",""de"":""https://rentandroll.com/de/discover/cabanyal"",""x-default"":""https://rentandroll.com/discover/cabanyal""}","[""TouristDestination"",""BreadcrumbList"",""FAQPage""]","Existing owner retained; German type and local intent sense-checked; no new URL","true"
"/discover/central-market-la-lonja","discover","Zentralmarkt und La Lonja in Valencia Reiseführer","Local destination, place or event-planning intent","Zentralmarkt und La Lonja in Valencia: Reiseführer","Besuche den Zentralmarkt und La Lonja in Valencia. Plane deine Route mit Tipps zu Geschichte, Barrierefreiheit und einem respektvollen Marktbesuch.","https://rentandroll.com/de/discover/central-market-la-lonja","[""Zentralmarkt und La Lonja""]","{""en"":""https://rentandroll.com/discover/central-market-la-lonja"",""es"":""https://rentandroll.com/es/discover/central-market-la-lonja"",""de"":""https://rentandroll.com/de/discover/central-market-la-lonja"",""x-default"":""https://rentandroll.com/discover/central-market-la-lonja""}","[""TouristDestination"",""BreadcrumbList"",""FAQPage""]","Existing owner retained; German type and local intent sense-checked; no new URL","true"
"/discover/christmas-valencia","discover","Weihnachten in Valencia Märkte, Lichter und Traditionen","Local destination, place or event-planning intent","Weihnachten in Valencia: Märkte, Lichter und Traditionen","Plane Weihnachten in Valencia: Lichter, Krippen, Märkte, Silvester und die Heiligen Drei Könige, mit Hinweisen zu Nahverkehr und Feiertagsöffnungszeiten.","https://rentandroll.com/de/discover/christmas-valencia","[""Weihnachten in Valencia""]","{""en"":""https://rentandroll.com/discover/christmas-valencia"",""es"":""https://rentandroll.com/es/discover/christmas-valencia"",""de"":""https://rentandroll.com/de/discover/christmas-valencia"",""x-default"":""https://rentandroll.com/discover/christmas-valencia""}","[""Article"",""BreadcrumbList"",""FAQPage""]","Existing owner retained; German type and local intent sense-checked; no new URL","true"
"/discover/city-of-arts-and-sciences","discover","Stadt der Künste und Wissenschaften Valencia-Reiseführer","Local destination, place or event-planning intent","Stadt der Künste und Wissenschaften: Valencia-Reiseführer","Plane deinen Besuch in Valencias Stadt der Künste und Wissenschaften: Oceanogràfic, Hemisfèric und Wissenschaftsmuseum, mit Tipps zur Zeitplanung.","https://rentandroll.com/de/discover/city-of-arts-and-sciences","[""Stadt der Künste und Wissenschaften""]","{""en"":""https://rentandroll.com/discover/city-of-arts-and-sciences"",""es"":""https://rentandroll.com/es/discover/city-of-arts-and-sciences"",""de"":""https://rentandroll.com/de/discover/city-of-arts-and-sciences"",""x-default"":""https://rentandroll.com/discover/city-of-arts-and-sciences""}","[""TouristDestination"",""BreadcrumbList"",""FAQPage""]","Existing owner retained; German type and local intent sense-checked; no new URL","true"
"/discover/corpus-christi-valencia","discover","Fronleichnam in Valencia Prozession und Traditionen","Local destination, place or event-planning intent","Fronleichnam in Valencia: Prozession und Traditionen","Plane Fronleichnam in Valencia: Cabalgata del Convite, La Moma, Rocas und die feierliche Prozession, mit Tipps zum Andrang und zum aktuellen Programm.","https://rentandroll.com/de/discover/corpus-christi-valencia","[""Fronleichnam in Valencia""]","{""en"":""https://rentandroll.com/discover/corpus-christi-valencia"",""es"":""https://rentandroll.com/es/discover/corpus-christi-valencia"",""de"":""https://rentandroll.com/de/discover/corpus-christi-valencia"",""x-default"":""https://rentandroll.com/discover/corpus-christi-valencia""}","[""Article"",""BreadcrumbList"",""FAQPage""]","Existing owner retained; German type and local intent sense-checked; no new URL","true"
"/discover/cullera-day-trip","discover","Cullera Tagesausflug ab Valencia mit Burg und Stränden","Local destination, place or event-planning intent","Cullera: Tagesausflug ab Valencia mit Burg und Stränden","Plane deinen Tagesausflug ab Valencia nach Cullera: Burg, Strände, Wege ab dem Bahnhof und Barrierefreiheit. Mit einer realistischen Route für einen Tag.","https://rentandroll.com/de/discover/cullera-day-trip","[""Cullera""]","{""en"":""https://rentandroll.com/discover/cullera-day-trip"",""es"":""https://rentandroll.com/es/discover/cullera-day-trip"",""de"":""https://rentandroll.com/de/discover/cullera-day-trip"",""x-default"":""https://rentandroll.com/discover/cullera-day-trip""}","[""TouristDestination"",""BreadcrumbList"",""FAQPage""]","Existing owner retained; German type and local intent sense-checked; no new URL","true"
"/discover/day-trips","discover","Tagesausflüge ab Valencia Strände, Berge und Burgen","Local destination, place or event-planning intent","Tagesausflüge ab Valencia: Strände, Berge und Burgen","Vergleiche Tagesausflüge ab Valencia: Albufera, Burgen, Städte im Landesinneren und Culleras Küste – mit praktischen Tipps zu Anreise und Planung.","https://rentandroll.com/de/discover/day-trips","[""Tagesausflüge ab Valencia""]","{""en"":""https://rentandroll.com/discover/day-trips"",""es"":""https://rentandroll.com/es/discover/day-trips"",""de"":""https://rentandroll.com/de/discover/day-trips"",""x-default"":""https://rentandroll.com/discover/day-trips""}","[""CollectionPage"",""BreadcrumbList"",""FAQPage""]","Existing owner retained; German type and local intent sense-checked; no new URL","true"
"/discover/el-carmen","discover","El Carmen in Valencia Reiseführer durch die Altstadt","Local destination, place or event-planning intent","El Carmen in Valencia: Reiseführer durch die Altstadt","Entdecke El Carmen in Valencias Altstadt: mittelalterliche Türme, Streetart, Tapasbars, familienfreundliche Plätze und praktische Tipps für deinen Besuch.","https://rentandroll.com/de/discover/el-carmen","[""El Carmen""]","{""en"":""https://rentandroll.com/discover/el-carmen"",""es"":""https://rentandroll.com/es/discover/el-carmen"",""de"":""https://rentandroll.com/de/discover/el-carmen"",""x-default"":""https://rentandroll.com/discover/el-carmen""}","[""TouristDestination"",""BreadcrumbList"",""FAQPage""]","Existing owner retained; German type and local intent sense-checked; no new URL","true"
"/discover/el-ensanche","discover","El Ensanche in Valencia Einkaufen und Essen gehen","Local destination, place or event-planning intent","El Ensanche in Valencia: Einkaufen und Essen gehen","Entdecke El Ensanche in Valencia: Calle Colón, Mercado de Colón, Restaurants und Verkehrsanbindungen. Mit Tipps für deinen Aufenthalt im Viertel.","https://rentandroll.com/de/discover/el-ensanche","[""El Ensanche""]","{""en"":""https://rentandroll.com/discover/el-ensanche"",""es"":""https://rentandroll.com/es/discover/el-ensanche"",""de"":""https://rentandroll.com/de/discover/el-ensanche"",""x-default"":""https://rentandroll.com/discover/el-ensanche""}","[""TouristDestination"",""BreadcrumbList"",""FAQPage""]","Existing owner retained; German type and local intent sense-checked; no new URL","true"
"/discover/el-saler-beach","discover","Strand El Saler bei Valencia Praktischer Reiseführer","Local destination, place or event-planning intent","Strand El Saler bei Valencia: Praktischer Reiseführer","Plane deinen Tag am Strand El Saler bei Valencia: Anreise, Einrichtungen, Barrierefreiheit und Dünenschutz. Mit praktischen Tipps für Familien.","https://rentandroll.com/de/discover/el-saler-beach","[""Strand El Saler""]","{""en"":""https://rentandroll.com/discover/el-saler-beach"",""es"":""https://rentandroll.com/es/discover/el-saler-beach"",""de"":""https://rentandroll.com/de/discover/el-saler-beach"",""x-default"":""https://rentandroll.com/discover/el-saler-beach""}","[""TouristDestination"",""BreadcrumbList"",""FAQPage""]","Existing owner retained; German type and local intent sense-checked; no new URL","true"
"/discover/events","discover","Valencia Veranstaltungen, Feste und Feiertage","Local destination, place or event-planning intent","Valencia: Veranstaltungen, Feste und Feiertage","Plane deine Valencia-Reise mit Reiseführern zu Festen und saisonalen Veranstaltungen: praktische Termine, lokaler Hintergrund und Hinweise zur Buchung.","https://rentandroll.com/de/discover/events","[""Veranstaltungen in Valencia""]","{""en"":""https://rentandroll.com/discover/events"",""es"":""https://rentandroll.com/es/discover/events"",""de"":""https://rentandroll.com/de/discover/events"",""x-default"":""https://rentandroll.com/discover/events""}","[""CollectionPage"",""BreadcrumbList"",""FAQPage""]","Existing owner retained; German type and local intent sense-checked; no new URL","true"
"/discover/fallas","discover","Las Fallas in Valencia Dein Reiseführer","Local destination, place or event-planning intent","Las Fallas in Valencia: Dein Reiseführer","Dein Reiseführer zu Las Fallas in Valencia: Termine, Ablauf, Sicherheit, Zuschauerplätze für die Cremà und praktische Tipps für Familien.","https://rentandroll.com/de/discover/fallas","[""Las Fallas""]","{""en"":""https://rentandroll.com/discover/fallas"",""es"":""https://rentandroll.com/es/discover/fallas"",""de"":""https://rentandroll.com/de/discover/fallas"",""x-default"":""https://rentandroll.com/discover/fallas""}","[""Article"",""BreadcrumbList"",""FAQPage""]","Existing owner retained; German type and local intent sense-checked; no new URL","true"
"/discover/gran-fira-valencia","discover","Feria de Julio Valencia 2026 Reiseführer zur Gran Fira","Local destination, place or event-planning intent","Feria de Julio Valencia 2026: Reiseführer zur Gran Fira","Plane Valencias Feria de Julio 2026: Gran Nit, Blumenschlacht und Familienveranstaltungen, mit Ticketinfos, Hitzetipps und Links zum offiziellen Programm.","https://rentandroll.com/de/discover/gran-fira-valencia","[""Feria de Julio / Gran Fira""]","{""en"":""https://rentandroll.com/discover/gran-fira-valencia"",""es"":""https://rentandroll.com/es/discover/gran-fira-valencia"",""de"":""https://rentandroll.com/de/discover/gran-fira-valencia"",""x-default"":""https://rentandroll.com/discover/gran-fira-valencia""}","[""Article"",""BreadcrumbList"",""FAQPage""]","Existing owner retained; German type and local intent sense-checked; no new URL","true"
"/discover/malvarrosa-beach","discover","Strand Malvarrosa Valencias Stadtstrand entdecken","Local destination, place or event-planning intent","Strand Malvarrosa: Valencias Stadtstrand entdecken","Dein Reiseführer für den Strand Malvarrosa in Valencia: Einrichtungen, Barrierefreiheit, Strandlokale, beste Besuchszeiten und praktische Tipps vor Ort.","https://rentandroll.com/de/discover/malvarrosa-beach","[""Strand Malvarrosa""]","{""en"":""https://rentandroll.com/discover/malvarrosa-beach"",""es"":""https://rentandroll.com/es/discover/malvarrosa-beach"",""de"":""https://rentandroll.com/de/discover/malvarrosa-beach"",""x-default"":""https://rentandroll.com/discover/malvarrosa-beach""}","[""TouristDestination"",""BreadcrumbList"",""FAQPage""]","Existing owner retained; German type and local intent sense-checked; no new URL","true"
"/discover/neighbourhoods","discover","Valencias Stadtviertel Wohnen und Entdecken","Local destination, place or event-planning intent","Valencias Stadtviertel: Wohnen und Entdecken","Ehrliche Reiseführer zu Valencias Stadtvierteln: Ruzafa, El Carmen, Malvarrosa, Benimaclet und mehr. Finde die passende Gegend für deine Reise.","https://rentandroll.com/de/discover/neighbourhoods","[""Valencias Stadtviertel""]","{""en"":""https://rentandroll.com/discover/neighbourhoods"",""es"":""https://rentandroll.com/es/discover/neighbourhoods"",""de"":""https://rentandroll.com/de/discover/neighbourhoods"",""x-default"":""https://rentandroll.com/discover/neighbourhoods""}","[""CollectionPage"",""BreadcrumbList"",""FAQPage""]","Existing owner retained; German type and local intent sense-checked; no new URL","true"
"/discover/oceanografic-valencia","discover","Oceanogràfic Valencia Praktischer Reiseführer","Local destination, place or event-planning intent","Oceanogràfic Valencia: Praktischer Reiseführer","Plane deinen Besuch im Oceanogràfic Valencia: Anreise, Zeitbedarf mit Kindern, Barrierefreiheit und praktische Tipps für deinen Tag im Aquarium.","https://rentandroll.com/de/discover/oceanografic-valencia","[""Oceanogràfic Valencia""]","{""en"":""https://rentandroll.com/discover/oceanografic-valencia"",""es"":""https://rentandroll.com/es/discover/oceanografic-valencia"",""de"":""https://rentandroll.com/de/discover/oceanografic-valencia"",""x-default"":""https://rentandroll.com/discover/oceanografic-valencia""}","[""TouristDestination"",""BreadcrumbList"",""FAQPage""]","Existing owner retained; German type and local intent sense-checked; no new URL","true"
"/discover/patacona-beach","discover","Strand Patacona bei Valencia Praktischer Reiseführer","Local destination, place or event-planning intent","Strand Patacona bei Valencia: Praktischer Reiseführer","Plane deinen Tag am Strand Patacona bei Valencia: Zugänge, Einrichtungen, Besuche mit Kindern, Strandrestaurants und das benachbarte Malvarrosa.","https://rentandroll.com/de/discover/patacona-beach","[""Strand Patacona""]","{""en"":""https://rentandroll.com/discover/patacona-beach"",""es"":""https://rentandroll.com/es/discover/patacona-beach"",""de"":""https://rentandroll.com/de/discover/patacona-beach"",""x-default"":""https://rentandroll.com/discover/patacona-beach""}","[""TouristDestination"",""BreadcrumbList"",""FAQPage""]","Existing owner retained; German type and local intent sense-checked; no new URL","true"
"/discover/pinedo-beach","discover","Strand Pinedo bei Valencia Barrierefreier Strandbesuch","Local destination, place or event-planning intent","Strand Pinedo bei Valencia: Barrierefreier Strandbesuch","Plane deinen Besuch am Strand Pinedo bei Valencia: barrierefreie Einrichtungen, Anreise, Familientipps, saisonale Angebote und praktische Strandplanung.","https://rentandroll.com/de/discover/pinedo-beach","[""Strand Pinedo""]","{""en"":""https://rentandroll.com/discover/pinedo-beach"",""es"":""https://rentandroll.com/es/discover/pinedo-beach"",""de"":""https://rentandroll.com/de/discover/pinedo-beach"",""x-default"":""https://rentandroll.com/discover/pinedo-beach""}","[""TouristDestination"",""BreadcrumbList"",""FAQPage""]","Existing owner retained; German type and local intent sense-checked; no new URL","true"
"/discover/requena","discover","Requena Tagesausflug ab Valencia zu Wein und Höhlen","Local destination, place or event-planning intent","Requena: Tagesausflug ab Valencia zu Wein und Höhlen","Plane deinen Tagesausflug von Valencia nach Requena: Anreise, Weinhöhlen, Bobal-Weingüter und praktische Tipps für die mittelalterliche Altstadt.","https://rentandroll.com/de/discover/requena","[""Requena""]","{""en"":""https://rentandroll.com/discover/requena"",""es"":""https://rentandroll.com/es/discover/requena"",""de"":""https://rentandroll.com/de/discover/requena"",""x-default"":""https://rentandroll.com/discover/requena""}","[""TouristDestination"",""BreadcrumbList"",""FAQPage""]","Existing owner retained; German type and local intent sense-checked; no new URL","true"
"/discover/ruzafa","discover","Ruzafa in Valencia Reiseführer durch das Viertel","Local destination, place or event-planning intent","Ruzafa in Valencia: Reiseführer durch das Viertel","Der vollständige Reiseführer zu Ruzafa, Valencias angesagtem Viertel: Restaurants, Coworking, Unternehmungen und praktische Tipps zum Erkunden.","https://rentandroll.com/de/discover/ruzafa","[""Ruzafa""]","{""en"":""https://rentandroll.com/discover/ruzafa"",""es"":""https://rentandroll.com/es/discover/ruzafa"",""de"":""https://rentandroll.com/de/discover/ruzafa"",""x-default"":""https://rentandroll.com/discover/ruzafa""}","[""TouristDestination"",""BreadcrumbList"",""FAQPage""]","Existing owner retained; German type and local intent sense-checked; no new URL","true"
"/discover/sagunto","discover","Sagunto Tagesausflug ab Valencia zu Burg und Theater","Local destination, place or event-planning intent","Sagunto: Tagesausflug ab Valencia zu Burg und Theater","Plane deinen Tagesausflug von Valencia nach Sagunto: Bahnanreise und praktische Tipps für die Burg auf dem Hügel, das römische Theater und die Altstadt.","https://rentandroll.com/de/discover/sagunto","[""Sagunto""]","{""en"":""https://rentandroll.com/discover/sagunto"",""es"":""https://rentandroll.com/es/discover/sagunto"",""de"":""https://rentandroll.com/de/discover/sagunto"",""x-default"":""https://rentandroll.com/discover/sagunto""}","[""TouristDestination"",""BreadcrumbList"",""FAQPage""]","Existing owner retained; German type and local intent sense-checked; no new URL","true"
"/discover/semana-santa-marinera-valencia","discover","Semana Santa Marinera Valencia Reiseführer 2026","Local destination, place or event-planning intent","Semana Santa Marinera Valencia: Reiseführer 2026","Plane die Semana Santa Marinera in Valencia: Termine 2026, wichtige Prozessionen, Routen durch die maritimen Viertel sowie Tipps für Barrierefreiheit und…","https://rentandroll.com/de/discover/semana-santa-marinera-valencia","[""Semana Santa Marinera""]","{""en"":""https://rentandroll.com/discover/semana-santa-marinera-valencia"",""es"":""https://rentandroll.com/es/discover/semana-santa-marinera-valencia"",""de"":""https://rentandroll.com/de/discover/semana-santa-marinera-valencia"",""x-default"":""https://rentandroll.com/discover/semana-santa-marinera-valencia""}","[""Article"",""BreadcrumbList"",""FAQPage""]","Existing owner retained; German type and local intent sense-checked; no new URL","true"
"/discover/turia-gardens","discover","Turia-Gärten in Valencia vollständiger Besucherführer","Local destination, place or event-planning intent","Turia-Gärten in Valencia: vollständiger Besucherführer","Valencias Turia-Gärten besuchen: praktische Tipps zu Radwegen, Gulliver-Park, Spazierwegen, Zugängen und Aktivitäten für Familien.","https://rentandroll.com/de/discover/turia-gardens","[""Turia-Gärten""]","{""en"":""https://rentandroll.com/discover/turia-gardens"",""es"":""https://rentandroll.com/es/discover/turia-gardens"",""de"":""https://rentandroll.com/de/discover/turia-gardens"",""x-default"":""https://rentandroll.com/discover/turia-gardens""}","[""TouristDestination"",""BreadcrumbList"",""FAQPage""]","Existing owner retained; German type and local intent sense-checked; no new URL","true"
"/discover/valencia-historic-centre","discover","Valencias Altstadt Rundgang auf eigene Faust","Local destination, place or event-planning intent","Valencias Altstadt: Rundgang auf eigene Faust","Erkunde Valencias Altstadt auf eigene Faust: Plane deinen Rundgang von Serranos bis Quart mit Sehenswürdigkeiten, Familienpausen und lokalen Tipps.","https://rentandroll.com/de/discover/valencia-historic-centre","[""Valencias historische Altstadt""]","{""en"":""https://rentandroll.com/discover/valencia-historic-centre"",""es"":""https://rentandroll.com/es/discover/valencia-historic-centre"",""de"":""https://rentandroll.com/de/discover/valencia-historic-centre"",""x-default"":""https://rentandroll.com/discover/valencia-historic-centre""}","[""TouristDestination"",""BreadcrumbList"",""FAQPage""]","Existing owner retained; German type and local intent sense-checked; no new URL","true"
"/discover/xativa","discover","Xàtiva Tagesausflug ab Valencia zur Burg","Local destination, place or event-planning intent","Xàtiva: Tagesausflug ab Valencia zur Burg","Plane deinen Tagesausflug von Valencia nach Xàtiva: Bahnanreise und praktische Tipps zu Burg, Borgia-Sehenswürdigkeiten und historischer Altstadt.","https://rentandroll.com/de/discover/xativa","[""Xàtiva""]","{""en"":""https://rentandroll.com/discover/xativa"",""es"":""https://rentandroll.com/es/discover/xativa"",""de"":""https://rentandroll.com/de/discover/xativa"",""x-default"":""https://rentandroll.com/discover/xativa""}","[""TouristDestination"",""BreadcrumbList"",""FAQPage""]","Existing owner retained; German type and local intent sense-checked; no new URL","true"
"/faq","static","Ausstattung in Valencia mieten Häufige Fragen","Established brand, service, navigation or policy intent","Ausstattung in Valencia mieten: Häufige Fragen","Antworten zum Mieten bei Rent&Roll in Valencia: Erfahre mehr über Buchung, Mietdaten, Abholung, Lieferung und Rückgabe. Bei Fragen helfen wir dir.","https://rentandroll.com/de/faq","[""Häufige Fragen""]","{""en"":""https://rentandroll.com/faq"",""es"":""https://rentandroll.com/es/faq"",""de"":""https://rentandroll.com/de/faq"",""x-default"":""https://rentandroll.com/faq""}","[""FAQPage""]","Existing owner retained; German type and local intent sense-checked; no new URL","true"
"/how-it-works","static","Mietausstattung in Valencia So funktioniert’s","Established brand, service, navigation or policy intent","Mietausstattung in Valencia: So funktioniert’s","So mietest du Ausstattung in Valencia: Wähle deine Artikel und Mietdaten, prüfe die Verfügbarkeit und plane Abholung oder Lieferung für deinen Aufenthalt.","https://rentandroll.com/de/how-it-works","[""So funktioniert’s""]","{""en"":""https://rentandroll.com/how-it-works"",""es"":""https://rentandroll.com/es/how-it-works"",""de"":""https://rentandroll.com/de/how-it-works"",""x-default"":""https://rentandroll.com/how-it-works""}","[""HowTo"",""FAQPage""]","Existing owner retained; German type and local intent sense-checked; no new URL","true"
"/partners","static","Partner werden in Valencia","Established brand, service, navigation or policy intent","Partner werden in Valencia | Rent&Roll","Arbeite mit Rent&Roll in Valencia zusammen. Erfahre mehr über Partnerschaften für Gastgeber, lokale Anbieter und die Ausstattung von Feriengästen.","https://rentandroll.com/de/partners","[""Praktische Partnerschaften für bessere Aufenthalte in Valencia""]","{""en"":""https://rentandroll.com/partners"",""es"":""https://rentandroll.com/es/colaboraciones"",""de"":""https://rentandroll.com/de/partners"",""x-default"":""https://rentandroll.com/partners""}","[""BreadcrumbList""]","Existing owner retained; German type and local intent sense-checked; no new URL","true"
"/privacy","static","Datenschutzerklärung Rent&Roll Valencia","Established brand, service, navigation or policy intent","Datenschutzerklärung | Rent&Roll Valencia","Lies die Datenschutzerklärung von Rent&Roll: Informationen zur Verarbeitung deiner Daten, zu deinen Rechten und zum Kontakt mit Escalera Labs S.L.","https://rentandroll.com/de/privacy","[""Datenschutzerklärung""]","{""en"":""https://rentandroll.com/privacy"",""es"":""https://rentandroll.com/es/privacy"",""de"":""https://rentandroll.com/de/privacy"",""x-default"":""https://rentandroll.com/privacy""}","[]","Existing owner retained; German type and local intent sense-checked; no new URL","true"
"/product/2-in-1-steamer-blender","product","Philips Avent Dampfgarer und Mixer mieten in Valencia","Exact product, model, size or capacity; supporting commercial owner","Philips Avent Dampfgarer und Mixer mieten in Valencia","Miete den Philips Avent Dampfgarer und Mixer in Valencia für Babynahrung aus einem Behälter. Prüfe die Verfügbarkeit und das enthaltene Zubehör.","https://rentandroll.com/de/product/2-in-1-steamer-blender","[""Philips Avent 2-in-1-Dampfgarer und Mixer""]","{""en"":""https://rentandroll.com/product/2-in-1-steamer-blender"",""es"":""https://rentandroll.com/es/product/2-in-1-steamer-blender"",""x-default"":""https://rentandroll.com/product/2-in-1-steamer-blender"",""de"":""https://rentandroll.com/de/product/2-in-1-steamer-blender""}","[""Product"",""BreadcrumbList"",""FAQPage""]","Existing owner retained; German type and local intent sense-checked; no new URL","true"
"/product/24-inch-monitor-hdmi-cable","product","24-Zoll-4K-Monitor mieten in Valencia","Exact product, model, size or capacity; supporting commercial owner","24-Zoll-4K-Monitor mieten in Valencia","Miete einen 24-Zoll-4K-IPS-Monitor in Valencia für deinen Arbeitsplatz auf Zeit: mit HDMI, DisplayPort, Lautsprechern und verstellbarem Standfuß.","https://rentandroll.com/de/product/24-inch-monitor-hdmi-cable","[""24-Zoll-4K-Monitor""]","{""en"":""https://rentandroll.com/product/24-inch-monitor-hdmi-cable"",""es"":""https://rentandroll.com/es/product/24-inch-monitor-hdmi-cable"",""x-default"":""https://rentandroll.com/product/24-inch-monitor-hdmi-cable"",""de"":""https://rentandroll.com/de/product/24-inch-monitor-hdmi-cable""}","[""Product"",""BreadcrumbList"",""FAQPage""]","Existing owner retained; German type and local intent sense-checked; no new URL","true"
"/product/24l-rigid-cooler-box","product","24-Liter-Kühlbox mieten in Valencia Naturehike","Exact product, model, size or capacity; supporting commercial owner","24-Liter-Kühlbox mieten in Valencia | Naturehike","Miete eine Naturehike Kühlbox mit 24 Litern in Valencia: wasserdicht, mit verriegelbarem Griff und Deckel mit Becherhaltern für Strand und Picknick.","https://rentandroll.com/de/product/24l-rigid-cooler-box","[""Naturehike Kühlbox – 24 Liter""]","{""en"":""https://rentandroll.com/product/24l-rigid-cooler-box"",""es"":""https://rentandroll.com/es/product/24l-rigid-cooler-box"",""x-default"":""https://rentandroll.com/product/24l-rigid-cooler-box"",""de"":""https://rentandroll.com/de/product/24l-rigid-cooler-box""}","[""Product"",""BreadcrumbList"",""FAQPage""]","Existing owner retained; German type and local intent sense-checked; no new URL","true"
"/product/29-inch-monitor-hdmi-cable","product","29-Zoll-4K-Monitor mieten in Valencia","Exact product, model, size or capacity; supporting commercial owner","29-Zoll-4K-Monitor mieten in Valencia","Miete einen 29-Zoll-4K-IPS-Monitor in Valencia für deinen Arbeitsplatz: mit USB-C-Ladeleistung bis 65 W, HDMI, DisplayPort und integrierten Lautsprechern.","https://rentandroll.com/de/product/29-inch-monitor-hdmi-cable","[""29-Zoll-4K-Monitor""]","{""en"":""https://rentandroll.com/product/29-inch-monitor-hdmi-cable"",""es"":""https://rentandroll.com/es/product/29-inch-monitor-hdmi-cable"",""x-default"":""https://rentandroll.com/product/29-inch-monitor-hdmi-cable"",""de"":""https://rentandroll.com/de/product/29-inch-monitor-hdmi-cable""}","[""Product"",""BreadcrumbList"",""FAQPage""]","Existing owner retained; German type and local intent sense-checked; no new URL","true"
"/product/32-inch-monitor-hdmi-cable","product","32-Zoll-4K-Monitor mieten in Valencia","Exact product, model, size or capacity; supporting commercial owner","32-Zoll-4K-Monitor mieten in Valencia","Miete einen 32-Zoll-4K-IPS-Monitor in Valencia für deinen Arbeitsplatz: mit USB-C-Ladeleistung bis 65 W, HDMI, DisplayPort und integrierten Lautsprechern.","https://rentandroll.com/de/product/32-inch-monitor-hdmi-cable","[""32-Zoll-4K-Monitor""]","{""en"":""https://rentandroll.com/product/32-inch-monitor-hdmi-cable"",""es"":""https://rentandroll.com/es/product/32-inch-monitor-hdmi-cable"",""x-default"":""https://rentandroll.com/product/32-inch-monitor-hdmi-cable"",""de"":""https://rentandroll.com/de/product/32-inch-monitor-hdmi-cable""}","[""Product"",""BreadcrumbList"",""FAQPage""]","Existing owner retained; German type and local intent sense-checked; no new URL","true"
"/product/acupressure-mat","product","Akupressurmatte mieten in Valencia","Exact product, model, size or capacity; supporting commercial owner","Akupressurmatte mieten in Valencia","Miete eine faltbare Akupressurmatte mit passendem Nackenkissen in Valencia für deine ruhige Entspannungsroutine im Apartment während deines Aufenthalts.","https://rentandroll.com/de/product/acupressure-mat","[""Akupressurmatte mit Kissen""]","{""en"":""https://rentandroll.com/product/acupressure-mat"",""es"":""https://rentandroll.com/es/product/acupressure-mat"",""x-default"":""https://rentandroll.com/product/acupressure-mat"",""de"":""https://rentandroll.com/de/product/acupressure-mat""}","[""Product"",""BreadcrumbList"",""FAQPage""]","Existing owner retained; German type and local intent sense-checked; no new URL","true"
"/product/air-purifier","product","HEPA-Luftreiniger mieten in Valencia","Exact product, model, size or capacity; supporting commercial owner","HEPA-Luftreiniger mieten in Valencia","Miete einen HEPA-H13-Luftreiniger in Valencia für Räume bis 40 m²: mit Luftqualitätssensor, Timer, App-Steuerung und einem leisen Nachtmodus.","https://rentandroll.com/de/product/air-purifier","[""HEPA-Luftreiniger""]","{""en"":""https://rentandroll.com/product/air-purifier"",""es"":""https://rentandroll.com/es/product/air-purifier"",""x-default"":""https://rentandroll.com/product/air-purifier"",""de"":""https://rentandroll.com/de/product/air-purifier""}","[""Product"",""BreadcrumbList"",""FAQPage""]","Existing owner retained; German type and local intent sense-checked; no new URL","true"
"/product/bab-high-chair-tray","product","IKEA ANTILOP Hochstuhl mieten in Valencia","Exact product, model, size or capacity; supporting commercial owner","IKEA ANTILOP Hochstuhl mieten in Valencia","Miete einen IKEA ANTILOP Hochstuhl mit Tablett in Valencia. Pflegeleicht und transportabel, für selbstständig sitzende Kinder bis maximal 15 kg.","https://rentandroll.com/de/product/bab-high-chair-tray","[""IKEA ANTILOP Kinderhochstuhl mit Tablett""]","{""en"":""https://rentandroll.com/product/bab-high-chair-tray"",""es"":""https://rentandroll.com/es/product/bab-high-chair-tray"",""x-default"":""https://rentandroll.com/product/bab-high-chair-tray"",""de"":""https://rentandroll.com/de/product/bab-high-chair-tray""}","[""Product"",""BreadcrumbList"",""FAQPage""]","Existing owner retained; German type and local intent sense-checked; no new URL","true"
"/product/baby-bathtub-thermometer","product","Faltbare Babybadewanne mieten in Valencia","Exact product, model, size or capacity; supporting commercial owner","Faltbare Babybadewanne mieten in Valencia","Miete eine faltbare ALMAR Babybadewanne in Valencia: mit Temperaturanzeige, Neugeboreneneinsatz, Ablauf und rutschfesten Füßen für eure Unterkunft.","https://rentandroll.com/de/product/baby-bathtub-thermometer","[""Faltbare Babybadewanne mit Temperaturanzeige""]","{""en"":""https://rentandroll.com/product/baby-bathtub-thermometer"",""es"":""https://rentandroll.com/es/product/baby-bathtub-thermometer"",""x-default"":""https://rentandroll.com/product/baby-bathtub-thermometer"",""de"":""https://rentandroll.com/de/product/baby-bathtub-thermometer""}","[""Product"",""BreadcrumbList"",""FAQPage""]","Existing owner retained; German type and local intent sense-checked; no new URL","true"
"/product/baby-bed-60x120","product","Babybett mieten in Valencia 60 × 120 cm","Exact product, model, size or capacity; supporting commercial owner","Babybett mieten in Valencia | 60 × 120 cm","Miete ein Babybett aus massiver Buche mit 60 × 120 cm in Valencia. Zwei Bodenhöhen; Matratze und Bettwäsche werden für deinen Aufenthalt bestätigt.","https://rentandroll.com/de/product/baby-bed-60x120","[""Babybett aus massiver Buche – 60 × 120 cm""]","{""en"":""https://rentandroll.com/product/baby-bed-60x120"",""es"":""https://rentandroll.com/es/product/baby-bed-60x120"",""x-default"":""https://rentandroll.com/product/baby-bed-60x120"",""de"":""https://rentandroll.com/de/product/baby-bed-60x120""}","[""Product"",""BreadcrumbList"",""FAQPage""]","Existing owner retained; German type and local intent sense-checked; no new URL","true"
"/product/baby-bottle-and-food-warmer","product","Flaschenwärmer mieten in Valencia Tommee Tippee","Exact product, model, size or capacity; supporting commercial owner","Flaschenwärmer mieten in Valencia | Tommee Tippee","Miete den Tommee Tippee Easi-Warm in Valencia: Flaschen- und Babykostwärmer mit Einstellungen für gekühlte Nahrung, Zimmertemperatur und Warmhalten.","https://rentandroll.com/de/product/baby-bottle-and-food-warmer","[""Tommee Tippee Easi-Warm Flaschen- und Babykostwärmer""]","{""en"":""https://rentandroll.com/product/baby-bottle-and-food-warmer"",""es"":""https://rentandroll.com/es/product/baby-bottle-and-food-warmer"",""x-default"":""https://rentandroll.com/product/baby-bottle-and-food-warmer"",""de"":""https://rentandroll.com/de/product/baby-bottle-and-food-warmer""}","[""Product"",""BreadcrumbList"",""FAQPage""]","Existing owner retained; German type and local intent sense-checked; no new URL","true"
"/product/baby-bottle-steriliser-uv","product","Nuby UV-Flaschensterilisator mieten in Valencia","Exact product, model, size or capacity; supporting commercial owner","Nuby UV-Flaschensterilisator mieten in Valencia","Miete einen kompakten Nuby UV-Flaschensterilisator in Valencia: mit dreiminütigem Zyklus ohne Wasser für geeignete Fläschchen und Babyartikel.","https://rentandroll.com/de/product/baby-bottle-steriliser-uv","[""Nuby UV-Sterilisator für Babyflaschen""]","{""en"":""https://rentandroll.com/product/baby-bottle-steriliser-uv"",""es"":""https://rentandroll.com/es/product/baby-bottle-steriliser-uv"",""x-default"":""https://rentandroll.com/product/baby-bottle-steriliser-uv"",""de"":""https://rentandroll.com/de/product/baby-bottle-steriliser-uv""}","[""Product"",""BreadcrumbList"",""FAQPage""]","Existing owner retained; German type and local intent sense-checked; no new URL","true"
"/product/baby-bottle-washer","product","Baby Brezza Flaschenreiniger mieten in Valencia","Exact product, model, size or capacity; supporting commercial owner","Baby Brezza Flaschenreiniger mieten in Valencia","Miete den Baby Brezza Flaschenreiniger in Valencia zum Waschen, Dampfsterilisieren und Trocknen geeigneter Fläschchen. Prüfe deine Wunschtermine.","https://rentandroll.com/de/product/baby-bottle-washer","[""Baby Brezza Bottle Washer Pro Flaschenreiniger""]","{""en"":""https://rentandroll.com/product/baby-bottle-washer"",""es"":""https://rentandroll.com/es/product/baby-bottle-washer"",""x-default"":""https://rentandroll.com/product/baby-bottle-washer"",""de"":""https://rentandroll.com/de/product/baby-bottle-washer""}","[""Product"",""BreadcrumbList"",""FAQPage""]","Existing owner retained; German type and local intent sense-checked; no new URL","true"
"/product/baby-carrier","product","Ergobaby Babytrage mieten in Valencia","Exact product, model, size or capacity; supporting commercial owner","Ergobaby Babytrage mieten in Valencia","Miete die Ergobaby Omni Classic Mesh Babytrage in Valencia: mit atmungsaktivem Mesh und vier Tragepositionen passend zur Entwicklung deines Kindes.","https://rentandroll.com/de/product/baby-carrier","[""Ergobaby Omni Classic Mesh Babytrage""]","{""en"":""https://rentandroll.com/product/baby-carrier"",""es"":""https://rentandroll.com/es/product/baby-carrier"",""x-default"":""https://rentandroll.com/product/baby-carrier"",""de"":""https://rentandroll.com/de/product/baby-carrier""}","[""Product"",""BreadcrumbList"",""FAQPage""]","Existing owner retained; German type and local intent sense-checked; no new URL","true"
"/product/baby-playpen","product","Venture Laufstall mieten in Valencia 120 × 120 cm","Exact product, model, size or capacity; supporting commercial owner","Venture Laufstall mieten in Valencia | 120 × 120 cm","Miete einen Venture Laufstall mit 120 × 120 cm in Valencia: mit Mesh-Seiten, gepolsterter Matte, Haltegriffen und Tragetasche zum Spielen unter Aufsicht.","https://rentandroll.com/de/product/baby-playpen","[""Venture Laufstall – 120 × 120 cm""]","{""en"":""https://rentandroll.com/product/baby-playpen"",""es"":""https://rentandroll.com/es/product/baby-playpen"",""x-default"":""https://rentandroll.com/product/baby-playpen"",""de"":""https://rentandroll.com/de/product/baby-playpen""}","[""Product"",""BreadcrumbList"",""FAQPage""]","Existing owner retained; German type and local intent sense-checked; no new URL","true"
"/product/baby-playpen-padded-mat","product","PARVULI Laufstall mit Matte mieten in Valencia","Exact product, model, size or capacity; supporting commercial owner","PARVULI Laufstall mit Matte mieten in Valencia","Miete einen PARVULI Laufstall mit 120 × 120 cm in Valencia: mit Mesh-Seiten, gepolsterter Matte und sechs Haltegriffen zum Spielen unter Aufsicht.","https://rentandroll.com/de/product/baby-playpen-padded-mat","[""PARVULI Laufstall mit gepolsterter Matte""]","{""en"":""https://rentandroll.com/product/baby-playpen-padded-mat"",""es"":""https://rentandroll.com/es/product/baby-playpen-padded-mat"",""x-default"":""https://rentandroll.com/product/baby-playpen-padded-mat"",""de"":""https://rentandroll.com/de/product/baby-playpen-padded-mat""}","[""Product"",""BreadcrumbList"",""FAQPage""]","Existing owner retained; German type and local intent sense-checked; no new URL","true"
"/product/badminton-set-three-metre-net","product","Badminton-Set mieten in Valencia 3-m-Netz","Exact product, model, size or capacity; supporting commercial owner","Badminton-Set mieten in Valencia | 3-m-Netz","Miete ein Badminton-Set in Valencia mit tragbarem 3-m-Netz, zwei Schlägern und zwei Federbällen. Zwei Netzhöhen für entspannte Spiele auf ebenem Boden.","https://rentandroll.com/de/product/badminton-set-three-metre-net","[""Badminton-Set mit tragbarem 3-m-Netz""]","{""en"":""https://rentandroll.com/product/badminton-set-three-metre-net"",""es"":""https://rentandroll.com/es/product/badminton-set-three-metre-net"",""x-default"":""https://rentandroll.com/product/badminton-set-three-metre-net"",""de"":""https://rentandroll.com/de/product/badminton-set-three-metre-net""}","[""Product"",""BreadcrumbList"",""FAQPage""]","Existing owner retained; German type and local intent sense-checked; no new URL","true"
"/product/beach-chair","product","Strandstuhl mieten in Valencia Aktive","Exact product, model, size or capacity; supporting commercial owner","Strandstuhl mieten in Valencia | Aktive","Miete einen verstellbaren Strandstuhl in Valencia: fünf Positionen, Kissen, Stauraum, Kühltasche und Rucksackgurte. Belastbar bis 110 kg pro Stuhl.","https://rentandroll.com/de/product/beach-chair","[""Aktive Strandstuhl mit verstellbarer Rückenlehne""]","{""en"":""https://rentandroll.com/product/beach-chair"",""es"":""https://rentandroll.com/es/product/beach-chair"",""x-default"":""https://rentandroll.com/product/beach-chair"",""de"":""https://rentandroll.com/de/product/beach-chair""}","[""Product"",""BreadcrumbList"",""FAQPage""]","Existing owner retained; German type and local intent sense-checked; no new URL","true"
"/product/beach-tennis-set","product","Beachtennis-Set mieten in Valencia Sandever","Exact product, model, size or capacity; supporting commercial owner","Beachtennis-Set mieten in Valencia | Sandever","Miete ein Sandever Beachtennis-Set in Valencia: zwei Schläger, ein druckloser Ball und eine Tragetasche für lockere Spiele am Strand oder im Park.","https://rentandroll.com/de/product/beach-tennis-set","[""Sandever Beachtennis-Set""]","{""en"":""https://rentandroll.com/product/beach-tennis-set"",""es"":""https://rentandroll.com/es/product/beach-tennis-set"",""x-default"":""https://rentandroll.com/product/beach-tennis-set"",""de"":""https://rentandroll.com/de/product/beach-tennis-set""}","[""Product"",""BreadcrumbList"",""FAQPage""]","Existing owner retained; German type and local intent sense-checked; no new URL","true"
"/product/beach-towel-xxl","product","XXL-Strandtuch mieten in Valencia 140 × 170 cm","Exact product, model, size or capacity; supporting commercial owner","XXL-Strandtuch mieten in Valencia | 140 × 170 cm","Miete ein XXL-Strandtuch mit blauen Streifen in Valencia: 140 × 170 cm große Mikrofaser, laut Anbieter schnelltrocknend, für Strandtage oder den Pool.","https://rentandroll.com/de/product/beach-towel-xxl","[""XXL-Strandtuch mit blauen Streifen – 140 × 170 cm""]","{""en"":""https://rentandroll.com/product/beach-towel-xxl"",""es"":""https://rentandroll.com/es/product/beach-towel-xxl"",""x-default"":""https://rentandroll.com/product/beach-towel-xxl"",""de"":""https://rentandroll.com/de/product/beach-towel-xxl""}","[""Product"",""BreadcrumbList"",""FAQPage""]","Existing owner retained; German type and local intent sense-checked; no new URL","true"
"/product/beach-umbrella-set","product","Strandset mit Sonnenschirm mieten in Valencia","Exact product, model, size or capacity; supporting commercial owner","Strandset mit Sonnenschirm mieten in Valencia","Miete ein Strandset in Valencia mit 210-cm-Sonnenschirm mit UV50-Schutz, zwei Klappstühlen, isolierter Kühltasche, Sandanker und einer Tragetasche.","https://rentandroll.com/de/product/beach-umbrella-set","[""Strandset mit Sonnenschirm und zwei Stühlen""]","{""en"":""https://rentandroll.com/product/beach-umbrella-set"",""es"":""https://rentandroll.com/es/product/beach-umbrella-set"",""x-default"":""https://rentandroll.com/product/beach-umbrella-set"",""de"":""https://rentandroll.com/de/product/beach-umbrella-set""}","[""Product"",""BreadcrumbList"",""FAQPage""]","Existing owner retained; German type and local intent sense-checked; no new URL","true"
"/product/beach-umbrella-with-table-cupholders","product","Sonnenschirm mit Tisch mieten in Valencia UV50","Exact product, model, size or capacity; supporting commercial owner","Sonnenschirm mit Tisch mieten in Valencia | UV50","Miete einen 210-cm-Sonnenschirm in Valencia mit integriertem Tisch, Becherhaltern und Tragehülle für deine Strandtage an der Malvarrosa oder Patacona.","https://rentandroll.com/de/product/beach-umbrella-with-table-cupholders","[""Aktive Sonnenschirm mit Tisch und Becherhaltern""]","{""en"":""https://rentandroll.com/product/beach-umbrella-with-table-cupholders"",""es"":""https://rentandroll.com/es/product/beach-umbrella-with-table-cupholders"",""x-default"":""https://rentandroll.com/product/beach-umbrella-with-table-cupholders"",""de"":""https://rentandroll.com/de/product/beach-umbrella-with-table-cupholders""}","[""Product"",""BreadcrumbList"",""FAQPage""]","Existing owner retained; German type and local intent sense-checked; no new URL","true"
"/product/beach-wagon-with-table","product","Strandwagen mit Tisch mieten in Valencia Aktive","Exact product, model, size or capacity; supporting commercial owner","Strandwagen mit Tisch mieten in Valencia | Aktive","Miete einen Aktive Strandwagen in Valencia: mit abnehmbarer Tischplatte, 100 kg angegebener Traglast, großen Rädern, Bremsen und Transporttasche.","https://rentandroll.com/de/product/beach-wagon-with-table","[""Aktive Strandwagen mit abnehmbarer Tischplatte""]","{""en"":""https://rentandroll.com/product/beach-wagon-with-table"",""es"":""https://rentandroll.com/es/product/beach-wagon-with-table"",""x-default"":""https://rentandroll.com/product/beach-wagon-with-table"",""de"":""https://rentandroll.com/de/product/beach-wagon-with-table""}","[""Product"",""BreadcrumbList"",""FAQPage""]","Existing owner retained; German type and local intent sense-checked; no new URL","true"
"/product/bed-rail-for-kids","product","Kinderbettgitter mieten in Valencia 180 cm","Exact product, model, size or capacity; supporting commercial owner","Kinderbettgitter mieten in Valencia | 180 cm","Miete ein verstellbares 180-cm-Kinderbettgitter in Valencia für eine Bettseite mit geeignetem Rahmen. Prüfe vor der Buchung, ob das Bett dazu passt.","https://rentandroll.com/de/product/bed-rail-for-kids","[""Verstellbares Kinderbettgitter – 180 cm""]","{""en"":""https://rentandroll.com/product/bed-rail-for-kids"",""es"":""https://rentandroll.com/es/product/bed-rail-for-kids"",""x-default"":""https://rentandroll.com/product/bed-rail-for-kids"",""de"":""https://rentandroll.com/de/product/bed-rail-for-kids""}","[""Product"",""BreadcrumbList"",""FAQPage""]","Existing owner retained; German type and local intent sense-checked; no new URL","true"
"/product/bedside-crib","product","Chicco Beistellbett mieten in Valencia Next2Me","Exact product, model, size or capacity; supporting commercial owner","Chicco Beistellbett mieten in Valencia | Next2Me","Miete das Chicco Next2Me Magic Evo Beistellbett in Valencia mit 11 Höheneinstellungen und Mesh-Matratze. Lass die Eignung für dein Bett bestätigen.","https://rentandroll.com/de/product/bedside-crib","[""Chicco Next2Me Magic Evo Beistellbett""]","{""en"":""https://rentandroll.com/product/bedside-crib"",""es"":""https://rentandroll.com/es/product/bedside-crib"",""x-default"":""https://rentandroll.com/product/bedside-crib"",""de"":""https://rentandroll.com/de/product/bedside-crib""}","[""Product"",""BreadcrumbList"",""FAQPage""]","Existing owner retained; German type and local intent sense-checked; no new URL","true"
"/product/big-bobby-car-classic-ocean","product","BIG Bobby Car mieten in Valencia Classic Ocean","Exact product, model, size or capacity; supporting commercial owner","BIG Bobby Car mieten in Valencia | Classic Ocean","Miete ein BIG Bobby Car Classic Ocean in Valencia für Kinder ab 12 Monaten: zum Spielen unter Aufsicht auf glatten, ebenen und verkehrsfreien Flächen.","https://rentandroll.com/de/product/big-bobby-car-classic-ocean","[""BIG Bobby Car Classic Ocean""]","{""en"":""https://rentandroll.com/product/big-bobby-car-classic-ocean"",""es"":""https://rentandroll.com/es/product/big-bobby-car-classic-ocean"",""x-default"":""https://rentandroll.com/product/big-bobby-car-classic-ocean"",""de"":""https://rentandroll.com/de/product/big-bobby-car-classic-ocean""}","[""Product"",""BreadcrumbList"",""FAQPage""]","Existing owner retained; German type and local intent sense-checked; no new URL","true"
"/product/bike-towball-carrier-4bikes","product","Fahrradträger für 4 Räder mieten in Valencia","Exact product, model, size or capacity; supporting commercial owner","Fahrradträger für 4 Räder mieten in Valencia","Miete den BuzzRack Buffalo 4 in Valencia für vier geeignete Fahrräder auf einer 50-mm-Anhängerkupplung. Kompatibilität und Belastungsgrenzen prüfen.","https://rentandroll.com/de/product/bike-towball-carrier-4bikes","[""BuzzRack Buffalo 4 Fahrradträger für die Anhängerkupplung""]","{""en"":""https://rentandroll.com/product/bike-towball-carrier-4bikes"",""es"":""https://rentandroll.com/es/product/bike-towball-carrier-4bikes"",""x-default"":""https://rentandroll.com/product/bike-towball-carrier-4bikes"",""de"":""https://rentandroll.com/de/product/bike-towball-carrier-4bikes""}","[""Product"",""BreadcrumbList"",""FAQPage""]","Existing owner retained; German type and local intent sense-checked; no new URL","true"
"/product/bike-towbar-carrier-3bikes","product","Thule Fahrradträger für 3 Räder mieten in Valencia","Exact product, model, size or capacity; supporting commercial owner","Thule Fahrradträger für 3 Räder mieten in Valencia","Miete einen Thule EuroWay G2 Fahrradträger in Valencia für drei geeignete Fahrräder. Mit Kupplungsmontage und 13-poligem Stecker; Kompatibilität prüfen.","https://rentandroll.com/de/product/bike-towbar-carrier-3bikes","[""Thule EuroWay G2 Fahrradträger für drei Fahrräder""]","{""en"":""https://rentandroll.com/product/bike-towbar-carrier-3bikes"",""es"":""https://rentandroll.com/es/product/bike-towbar-carrier-3bikes"",""x-default"":""https://rentandroll.com/product/bike-towbar-carrier-3bikes"",""de"":""https://rentandroll.com/de/product/bike-towbar-carrier-3bikes""}","[""Product"",""BreadcrumbList"",""FAQPage""]","Existing owner retained; German type and local intent sense-checked; no new URL","true"
"/product/bottle-steam-steriliser","product","Flaschen-Dampfsterilisator mieten in Valencia","Exact product, model, size or capacity; supporting commercial owner","Flaschen-Dampfsterilisator mieten in Valencia","Miete einen Baby Brezza Dampfsterilisator in Valencia für bis zu sechs 260-ml-Fläschchen und geeignetes Zubehör. Mit Ein-Knopf-Bedienung und Auto-Aus.","https://rentandroll.com/de/product/bottle-steam-steriliser","[""Baby Brezza Dampfsterilisator für Fläschchen""]","{""en"":""https://rentandroll.com/product/bottle-steam-steriliser"",""es"":""https://rentandroll.com/es/product/bottle-steam-steriliser"",""x-default"":""https://rentandroll.com/product/bottle-steam-steriliser"",""de"":""https://rentandroll.com/de/product/bottle-steam-steriliser""}","[""Product"",""BreadcrumbList"",""FAQPage""]","Existing owner retained; German type and local intent sense-checked; no new URL","true"
"/product/buoyancy-aid-size-dependent","product","50N+ Schwimmhilfe mieten in Valencia Itiwit","Exact product, model, size or capacity; supporting commercial owner","50N+ Schwimmhilfe mieten in Valencia | Itiwit","Miete eine Itiwit 50N+ Schwimmhilfe in Valencia fürs Kajakfahren, SUP oder Beiboot. Größen ab 25 kg; teile uns Körpergewicht und geplante Aktivität mit.","https://rentandroll.com/de/product/buoyancy-aid-size-dependent","[""Itiwit 50N+ Schwimmhilfe – Größe nach Körpergewicht""]","{""en"":""https://rentandroll.com/product/buoyancy-aid-size-dependent"",""es"":""https://rentandroll.com/es/product/buoyancy-aid-size-dependent"",""x-default"":""https://rentandroll.com/product/buoyancy-aid-size-dependent"",""de"":""https://rentandroll.com/de/product/buoyancy-aid-size-dependent""}","[""Product"",""BreadcrumbList"",""FAQPage""]","Existing owner retained; German type and local intent sense-checked; no new URL","true"
"/product/camping-chair-double","product","Camping-Doppelsessel mieten in Valencia Hygge XL","Exact product, model, size or capacity; supporting commercial owner","Camping-Doppelsessel mieten in Valencia | Hygge XL","Miete einen gepolsterten Camping-Doppelsessel in Valencia mit 300 kg Gesamttraglast, Flaschen- und Weinglashaltern sowie Tragetasche für unterwegs.","https://rentandroll.com/de/product/camping-chair-double","[""Hygge Double XL Camping-Doppelsessel""]","{""en"":""https://rentandroll.com/product/camping-chair-double"",""es"":""https://rentandroll.com/es/product/camping-chair-double"",""x-default"":""https://rentandroll.com/product/camping-chair-double"",""de"":""https://rentandroll.com/de/product/camping-chair-double""}","[""Product"",""BreadcrumbList"",""FAQPage""]","Existing owner retained; German type and local intent sense-checked; no new URL","true"
"/product/camping-chairs-padded-pair","product","Gepolsterte Campingstühle mieten in Valencia 2er-Set","Exact product, model, size or capacity; supporting commercial owner","Gepolsterte Campingstühle mieten in Valencia | 2er-Set","Miete zwei gepolsterte Neolymp Campingstühle in Valencia: je 150 kg Traglast, Becherhalter, Aufbewahrungstaschen und eigene Tragetasche pro Stuhl.","https://rentandroll.com/de/product/camping-chairs-padded-pair","[""Neolymp gepolsterte Campingstühle – Zweierset""]","{""en"":""https://rentandroll.com/product/camping-chairs-padded-pair"",""es"":""https://rentandroll.com/es/product/camping-chairs-padded-pair"",""x-default"":""https://rentandroll.com/product/camping-chairs-padded-pair"",""de"":""https://rentandroll.com/de/product/camping-chairs-padded-pair""}","[""Product"",""BreadcrumbList"",""FAQPage""]","Existing owner retained; German type and local intent sense-checked; no new URL","true"
"/product/camping-chairs-x2","product","Campingstühle mit Fußstützen mieten in Valencia","Exact product, model, size or capacity; supporting commercial owner","Campingstühle mit Fußstützen mieten in Valencia","Miete zwei Naturcamper Campingstühle in Valencia mit drei Lehnenpositionen, abnehmbaren Fußstützen, je 135 kg Traglast und zwei praktischen Tragetaschen.","https://rentandroll.com/de/product/camping-chairs-x2","[""Naturcamper Campingstühle mit Fußstützen – Zweierset""]","{""en"":""https://rentandroll.com/product/camping-chairs-x2"",""es"":""https://rentandroll.com/es/product/camping-chairs-x2"",""x-default"":""https://rentandroll.com/product/camping-chairs-x2"",""de"":""https://rentandroll.com/de/product/camping-chairs-x2""}","[""Product"",""BreadcrumbList"",""FAQPage""]","Existing owner retained; German type and local intent sense-checked; no new URL","true"
"/product/camping-gas-stove-pan-set","product","Camping-Gaskocher mit Pfanne mieten in Valencia","Exact product, model, size or capacity; supporting commercial owner","Camping-Gaskocher mit Pfanne mieten in Valencia","Miete den Brann XL Gaskocher in Valencia mit 2,2 kW, 5,5-Liter-Pfanne und Deckel. Nur für erlaubtes Kochen im Freien; Gaskartusche nicht enthalten.","https://rentandroll.com/de/product/camping-gas-stove-pan-set","[""Skandika Brann XL Gaskocher mit Pfanne und Deckel""]","{""en"":""https://rentandroll.com/product/camping-gas-stove-pan-set"",""es"":""https://rentandroll.com/es/product/camping-gas-stove-pan-set"",""x-default"":""https://rentandroll.com/product/camping-gas-stove-pan-set"",""de"":""https://rentandroll.com/de/product/camping-gas-stove-pan-set""}","[""Product"",""BreadcrumbList"",""FAQPage""]","Existing owner retained; German type and local intent sense-checked; no new URL","true"
"/product/camping-kitchen","product","XL-Campingküche mit Spülbecken mieten in Valencia","Exact product, model, size or capacity; supporting commercial owner","XL-Campingküche mit Spülbecken mieten in Valencia","Miete eine faltbare XL-Campingküche in Valencia: mit 49 × 110 cm Arbeitsfläche, fünf Ablagen, 268 Litern Stauraum und einem 10-Liter-Spülbecken.","https://rentandroll.com/de/product/camping-kitchen","[""XL-Campingküche mit 10-Liter-Spülbecken""]","{""en"":""https://rentandroll.com/product/camping-kitchen"",""es"":""https://rentandroll.com/es/product/camping-kitchen"",""x-default"":""https://rentandroll.com/product/camping-kitchen"",""de"":""https://rentandroll.com/de/product/camping-kitchen""}","[""Product"",""BreadcrumbList"",""FAQPage""]","Existing owner retained; German type and local intent sense-checked; no new URL","true"
"/product/camping-shelter","product","Camping-Aufenthaltszelt mieten in Valencia","Exact product, model, size or capacity; supporting commercial owner","Camping-Aufenthaltszelt mieten in Valencia","Miete ein freistehendes Camping-Aufenthaltszelt in Valencia mit 6,25 m² Fläche, bis zu 2,15 m Höhe, Moskitonetz-Öffnungen und Gewebe mit UPF 30.","https://rentandroll.com/de/product/camping-shelter","[""Camping-Aufenthaltszelt – 6,25 m²""]","{""en"":""https://rentandroll.com/product/camping-shelter"",""es"":""https://rentandroll.com/es/product/camping-shelter"",""x-default"":""https://rentandroll.com/product/camping-shelter"",""de"":""https://rentandroll.com/de/product/camping-shelter""}","[""Product"",""BreadcrumbList"",""FAQPage""]","Existing owner retained; German type and local intent sense-checked; no new URL","true"
"/product/camping-sofa","product","Campingsofa für zwei mieten in Valencia Brunner","Exact product, model, size or capacity; supporting commercial owner","Campingsofa für zwei mieten in Valencia | Brunner","Miete das Brunner Action Campingsofa in Valencia: zwei Sitzplätze, gepolsterter Polyesterbezug, Stahlrahmen, 200 kg Gesamttraglast und ein Tragesack.","https://rentandroll.com/de/product/camping-sofa","[""Brunner Action Sofa – faltbares Campingsofa""]","{""en"":""https://rentandroll.com/product/camping-sofa"",""es"":""https://rentandroll.com/es/product/camping-sofa"",""x-default"":""https://rentandroll.com/product/camping-sofa"",""de"":""https://rentandroll.com/de/product/camping-sofa""}","[""Product"",""BreadcrumbList"",""FAQPage""]","Existing owner retained; German type and local intent sense-checked; no new URL","true"
"/product/camping-table-2","product","Kompakten Campingtisch mieten in Valencia Quechua","Exact product, model, size or capacity; supporting commercial owner","Kompakten Campingtisch mieten in Valencia | Quechua","Miete einen kompakten Quechua Campingtisch für zwei in Valencia: leichtes Aluminium, Ablagenetz, Tragetasche und eine Tischplatte für bis zu 30 kg.","https://rentandroll.com/de/product/camping-table-2","[""Quechua niedriger Campingtisch für zwei""]","{""en"":""https://rentandroll.com/product/camping-table-2"",""es"":""https://rentandroll.com/es/product/camping-table-2"",""x-default"":""https://rentandroll.com/product/camping-table-2"",""de"":""https://rentandroll.com/de/product/camping-table-2""}","[""Product"",""BreadcrumbList"",""FAQPage""]","Existing owner retained; German type and local intent sense-checked; no new URL","true"
"/product/camping-table-6-8-person","product","Campingtisch für 6–8 Personen mieten in Valencia","Exact product, model, size or capacity; supporting commercial owner","Campingtisch für 6–8 Personen mieten in Valencia","Miete einen großen Campingtisch in Valencia mit 160 × 80 cm Platte: bequem für sechs, Platz für bis zu acht Personen und maximal 50 kg Belastung.","https://rentandroll.com/de/product/camping-table-6-8-person","[""Großer Campingtisch für 6–8 Personen""]","{""en"":""https://rentandroll.com/product/camping-table-6-8-person"",""es"":""https://rentandroll.com/es/product/camping-table-6-8-person"",""x-default"":""https://rentandroll.com/product/camping-table-6-8-person"",""de"":""https://rentandroll.com/de/product/camping-table-6-8-person""}","[""Product"",""BreadcrumbList"",""FAQPage""]","Existing owner retained; German type and local intent sense-checked; no new URL","true"
"/product/camping-table-6-person","product","Campingtisch für sechs mieten in Valencia Tivaro","Exact product, model, size or capacity; supporting commercial owner","Campingtisch für sechs mieten in Valencia | Tivaro","Miete den Tivaro Campingtisch für sechs in Valencia: 147 × 80 cm Platte in Bambusoptik, faltbares Aluminiumgestell, 80 kg Traglast und Transporttasche.","https://rentandroll.com/de/product/camping-table-6-person","[""Tivaro Campingtisch für sechs Personen""]","{""en"":""https://rentandroll.com/product/camping-table-6-person"",""es"":""https://rentandroll.com/es/product/camping-table-6-person"",""x-default"":""https://rentandroll.com/product/camping-table-6-person"",""de"":""https://rentandroll.com/de/product/camping-table-6-person""}","[""Product"",""BreadcrumbList"",""FAQPage""]","Existing owner retained; German type and local intent sense-checked; no new URL","true"
"/product/camping-trekking-tent","product","Trekkingzelt für zwei mieten in Valencia Forest 2","Exact product, model, size or capacity; supporting commercial owner","Trekkingzelt für zwei mieten in Valencia | Forest 2","Miete das Forest 2 Trekkingzelt in Valencia: Platz für zwei, zwei Eingänge, Aluminiumstangen und 2,47 kg Gewicht. Mit Heringen, Leinen und Tragetasche.","https://rentandroll.com/de/product/camping-trekking-tent","[""Forest 2 Trekkingzelt für zwei Personen""]","{""en"":""https://rentandroll.com/product/camping-trekking-tent"",""es"":""https://rentandroll.com/es/product/camping-trekking-tent"",""x-default"":""https://rentandroll.com/product/camping-trekking-tent"",""de"":""https://rentandroll.com/de/product/camping-trekking-tent""}","[""Product"",""BreadcrumbList"",""FAQPage""]","Existing owner retained; German type and local intent sense-checked; no new URL","true"
"/product/carpet-upholstery-cleaner","product","Kärcher Teppich- und Polsterreiniger mieten in Valencia","Exact product, model, size or capacity; supporting commercial owner","Kärcher Teppich- und Polsterreiniger mieten in Valencia","Miete den Kärcher SE 3 Compact in Valencia für Teppiche, Sofas und Autositze. Mit Sprühsaugschlauch, Polsterwaschdüse und schmaler Fugenwaschdüse.","https://rentandroll.com/de/product/carpet-upholstery-cleaner","[""Kärcher SE 3 Compact Teppich- und Polsterreiniger""]","{""en"":""https://rentandroll.com/product/carpet-upholstery-cleaner"",""es"":""https://rentandroll.com/es/product/carpet-upholstery-cleaner"",""x-default"":""https://rentandroll.com/product/carpet-upholstery-cleaner"",""de"":""https://rentandroll.com/de/product/carpet-upholstery-cleaner""}","[""Product"",""BreadcrumbList"",""FAQPage""]","Existing owner retained; German type and local intent sense-checked; no new URL","true"
"/product/color-beach-crab-sand-toy-set","product","Sandspielzeug mieten in Valencia Color Beach","Exact product, model, size or capacity; supporting commercial owner","Sandspielzeug mieten in Valencia | Color Beach","Miete ein 11-teiliges Sandspielzeug-Set in Valencia: Eimer, Grabwerkzeuge, Eisförmchen und Krebsnetz für den Transport. Empfohlen für Kinder ab 18 Monaten.","https://rentandroll.com/de/product/color-beach-crab-sand-toy-set","[""Color Beach Sandspielzeug-Set mit Krebsnetz""]","{""en"":""https://rentandroll.com/product/color-beach-crab-sand-toy-set"",""es"":""https://rentandroll.com/es/product/color-beach-crab-sand-toy-set"",""x-default"":""https://rentandroll.com/product/color-beach-crab-sand-toy-set"",""de"":""https://rentandroll.com/de/product/color-beach-crab-sand-toy-set""}","[""Product"",""BreadcrumbList"",""FAQPage""]","Existing owner retained; German type and local intent sense-checked; no new URL","true"
"/product/compact-beach-shelter","product","Strandmuschel mieten in Valencia UPF 50+","Exact product, model, size or capacity; supporting commercial owner","Strandmuschel mieten in Valencia | UPF 50+","Miete eine kompakte Strandmuschel in Valencia: UPF 50+, Platz für bis zu drei Erwachsene, wasserdichte Bodenplane, Heringe, Sandtaschen und Tragetasche.","https://rentandroll.com/de/product/compact-beach-shelter","[""Kompakte Strandmuschel mit UPF 50+""]","{""en"":""https://rentandroll.com/product/compact-beach-shelter"",""es"":""https://rentandroll.com/es/product/compact-beach-shelter"",""x-default"":""https://rentandroll.com/product/compact-beach-shelter"",""de"":""https://rentandroll.com/de/product/compact-beach-shelter""}","[""Product"",""BreadcrumbList"",""FAQPage""]","Existing owner retained; German type and local intent sense-checked; no new URL","true"
"/product/connected-rowing-machine","product","Rudergerät mit Bluetooth mieten in Valencia","Exact product, model, size or capacity; supporting commercial owner","Rudergerät mit Bluetooth mieten in Valencia","Miete ein Rudergerät in Valencia mit 10 Widerstandsstufen, Bluetooth FTMS für kompatible Apps, Trainingskonsole und platzsparender senkrechter Lagerung.","https://rentandroll.com/de/product/connected-rowing-machine","[""Rudergerät mit Bluetooth-Verbindung""]","{""en"":""https://rentandroll.com/product/connected-rowing-machine"",""es"":""https://rentandroll.com/es/product/connected-rowing-machine"",""x-default"":""https://rentandroll.com/product/connected-rowing-machine"",""de"":""https://rentandroll.com/de/product/connected-rowing-machine""}","[""Product"",""BreadcrumbList"",""FAQPage""]","Existing owner retained; German type and local intent sense-checked; no new URL","true"
"/product/cordless-vacuum-cleaner","product","Shark Akkustaubsauger mieten in Valencia","Exact product, model, size or capacity; supporting commercial owner","Shark Akkustaubsauger mieten in Valencia","Miete den Shark PowerPro Akkustaubsauger in Valencia für Teppiche, Böden und Möbel. Mit Handstaubsauger-Modus und bis zu 50 Minuten Laufzeit im Eco-Modus.","https://rentandroll.com/de/product/cordless-vacuum-cleaner","[""Shark PowerPro Akkustaubsauger""]","{""en"":""https://rentandroll.com/product/cordless-vacuum-cleaner"",""es"":""https://rentandroll.com/es/product/cordless-vacuum-cleaner"",""x-default"":""https://rentandroll.com/product/cordless-vacuum-cleaner"",""de"":""https://rentandroll.com/de/product/cordless-vacuum-cleaner""}","[""Product"",""BreadcrumbList"",""FAQPage""]","Existing owner retained; German type and local intent sense-checked; no new URL","true"
"/product/cornhole-portable-set","product","Cornhole mieten in Valencia Tragbares Wurfspiel","Exact product, model, size or capacity; supporting commercial owner","Cornhole mieten in Valencia | Tragbares Wurfspiel","Miete ein tragbares Cornhole-Set in Valencia für Gartenrunden und Picknicks: Brett mit Klappbeinen und vier Wurfsäckchen für ein Spiel zu zweit.","https://rentandroll.com/de/product/cornhole-portable-set","[""Cornhole Nomad – tragbares Wurfspiel""]","{""en"":""https://rentandroll.com/product/cornhole-portable-set"",""es"":""https://rentandroll.com/es/product/cornhole-portable-set"",""x-default"":""https://rentandroll.com/product/cornhole-portable-set"",""de"":""https://rentandroll.com/de/product/cornhole-portable-set""}","[""Product"",""BreadcrumbList"",""FAQPage""]","Existing owner retained; German type and local intent sense-checked; no new URL","true"
"/product/decathlon-grvl-af-shimano-grx-gravel-bike","product","Gravelbike mieten in Valencia Shimano GRX","Exact product, model, size or capacity; supporting commercial owner","Gravelbike mieten in Valencia | Shimano GRX","Miete ein GRVL AF Gravelbike mit Shimano GRX in Valencia für Touren auf gemischten Wegen. Mit Größenabstimmung, Sicherheitsprüfung und Lieferoptionen.","https://rentandroll.com/de/product/decathlon-grvl-af-shimano-grx-gravel-bike","[""Decathlon GRVL AF Gravelbike mit Shimano GRX""]","{""en"":""https://rentandroll.com/product/decathlon-grvl-af-shimano-grx-gravel-bike"",""es"":""https://rentandroll.com/es/product/decathlon-grvl-af-shimano-grx-gravel-bike"",""x-default"":""https://rentandroll.com/product/decathlon-grvl-af-shimano-grx-gravel-bike"",""de"":""https://rentandroll.com/de/product/decathlon-grvl-af-shimano-grx-gravel-bike""}","[""Product"",""BreadcrumbList"",""FAQPage""]","Existing owner retained; German type and local intent sense-checked; no new URL","true"
"/product/dumbbells-2x4kg","product","Kurzhanteln 2 × 4 kg mieten in Valencia","Exact product, model, size or capacity; supporting commercial owner","Kurzhanteln 2 × 4 kg mieten in Valencia","Miete zwei Kurzhanteln mit je 4 kg in Valencia für dein Training zu Hause. Mit Gusseisenkern, Neoprenbeschichtung, sechseckigen Köpfen und 11-cm-Griffen.","https://rentandroll.com/de/product/dumbbells-2x4kg","[""Neopren-Kurzhanteln, 2 × 4 kg""]","{""en"":""https://rentandroll.com/product/dumbbells-2x4kg"",""es"":""https://rentandroll.com/es/product/dumbbells-2x4kg"",""x-default"":""https://rentandroll.com/product/dumbbells-2x4kg"",""de"":""https://rentandroll.com/de/product/dumbbells-2x4kg""}","[""Product"",""BreadcrumbList"",""FAQPage""]","Existing owner retained; German type and local intent sense-checked; no new URL","true"
"/product/electric-cooler-47l","product","Elektrische Kühlbox 47 l mieten in Valencia","Exact product, model, size or capacity; supporting commercial owner","Elektrische Kühlbox 47 l mieten in Valencia","Miete eine 47-Liter-Kompressor-Kühlbox in Valencia: zwei Temperaturzonen, Bluetooth-App-Steuerung, Transportrollen und ein herausnehmbares Schneidebrett.","https://rentandroll.com/de/product/electric-cooler-47l","[""Elektrische Kompressor-Kühlbox, 47 Liter""]","{""en"":""https://rentandroll.com/product/electric-cooler-47l"",""es"":""https://rentandroll.com/es/product/electric-cooler-47l"",""x-default"":""https://rentandroll.com/product/electric-cooler-47l"",""de"":""https://rentandroll.com/de/product/electric-cooler-47l""}","[""Product"",""BreadcrumbList"",""FAQPage""]","Existing owner retained; German type and local intent sense-checked; no new URL","true"
"/product/ergonomic-chair","product","Ergonomischen Bürostuhl mieten in Valencia","Exact product, model, size or capacity; supporting commercial owner","Ergonomischen Bürostuhl mieten in Valencia","Miete einen ergonomischen Bürostuhl in Valencia mit Netzrücken, Lendenwirbelstütze, verstellbaren Armlehnen, Neigung und 40–52 cm Sitzhöhe.","https://rentandroll.com/de/product/ergonomic-chair","[""Ergonomischer Bürostuhl""]","{""en"":""https://rentandroll.com/product/ergonomic-chair"",""es"":""https://rentandroll.com/es/product/ergonomic-chair"",""x-default"":""https://rentandroll.com/product/ergonomic-chair"",""de"":""https://rentandroll.com/de/product/ergonomic-chair""}","[""Product"",""BreadcrumbList"",""FAQPage""]","Existing owner retained; German type and local intent sense-checked; no new URL","true"
"/product/exercise-bike","product","Faltbaren Heimtrainer mieten in Valencia","Exact product, model, size or capacity; supporting commercial owner","Faltbaren Heimtrainer mieten in Valencia","Miete einen faltbaren Heimtrainer in Valencia: 10 Widerstandsstufen, Bluetooth, Kinomap-Kompatibilität, verstellbarer Sattel und kompakte Aufbewahrung.","https://rentandroll.com/de/product/exercise-bike","[""Faltbarer Heimtrainer mit Bluetooth""]","{""en"":""https://rentandroll.com/product/exercise-bike"",""es"":""https://rentandroll.com/es/product/exercise-bike"",""x-default"":""https://rentandroll.com/product/exercise-bike"",""de"":""https://rentandroll.com/de/product/exercise-bike""}","[""Product"",""BreadcrumbList"",""FAQPage""]","Existing owner retained; German type and local intent sense-checked; no new URL","true"
"/product/extra-large-folding-baby-play-mat","product","Baby-Spielmatte mieten in Valencia Faltbar","Exact product, model, size or capacity; supporting commercial owner","Baby-Spielmatte mieten in Valencia | Faltbar","Miete eine große faltbare Baby-Spielmatte in Valencia: etwa 196 × 178 cm, abwischbar und zum beaufsichtigten Krabbeln und Spielen in deiner Unterkunft.","https://rentandroll.com/de/product/extra-large-folding-baby-play-mat","[""Extragroße faltbare Baby-Spielmatte""]","{""en"":""https://rentandroll.com/product/extra-large-folding-baby-play-mat"",""es"":""https://rentandroll.com/es/product/extra-large-folding-baby-play-mat"",""x-default"":""https://rentandroll.com/product/extra-large-folding-baby-play-mat"",""de"":""https://rentandroll.com/de/product/extra-large-folding-baby-play-mat""}","[""Product"",""BreadcrumbList"",""FAQPage""]","Existing owner retained; German type and local intent sense-checked; no new URL","true"
"/product/ezviz-bm1-baby-monitor","product","EZVIZ BM1 Babyphone mieten in Valencia","Exact product, model, size or capacity; supporting commercial owner","EZVIZ BM1 Babyphone mieten in Valencia","Miete das EZVIZ BM1 Babyphone in Valencia mit 1080p-Video, Nachtsicht, Gegensprechfunktion und App-Hinweisen. Verbindung über 2,4-GHz-WLAN erforderlich.","https://rentandroll.com/de/product/ezviz-bm1-baby-monitor","[""EZVIZ BM1 Babyphone mit Kamera""]","{""en"":""https://rentandroll.com/product/ezviz-bm1-baby-monitor"",""es"":""https://rentandroll.com/es/product/ezviz-bm1-baby-monitor"",""x-default"":""https://rentandroll.com/product/ezviz-bm1-baby-monitor"",""de"":""https://rentandroll.com/de/product/ezviz-bm1-baby-monitor""}","[""Product"",""BreadcrumbList"",""FAQPage""]","Existing owner retained; German type and local intent sense-checked; no new URL","true"
"/product/family-roof-tent-4-person","product","Dachzelt für vier mieten in Valencia Fresh & Black","Exact product, model, size or capacity; supporting commercial owner","Dachzelt für vier mieten in Valencia | Fresh & Black","Miete ein Fresh & Black Dachzelt für vier in Valencia: 200 × 213 cm Liegefläche, zwei Leitern und Matratze. Fahrzeugprüfung vor Montage erforderlich.","https://rentandroll.com/de/product/family-roof-tent-4-person","[""Quechua Fresh & Black 500 Familiendachzelt für vier""]","{""en"":""https://rentandroll.com/product/family-roof-tent-4-person"",""es"":""https://rentandroll.com/es/product/family-roof-tent-4-person"",""x-default"":""https://rentandroll.com/product/family-roof-tent-4-person"",""de"":""https://rentandroll.com/de/product/family-roof-tent-4-person""}","[""Product"",""BreadcrumbList"",""FAQPage""]","Existing owner retained; German type and local intent sense-checked; no new URL","true"
"/product/family-tent-1","product","Familienzelt für vier mieten in Valencia Arpenaz 4.1","Exact product, model, size or capacity; supporting commercial owner","Familienzelt für vier mieten in Valencia | Arpenaz 4.1","Miete das Quechua Arpenaz 4.1 Fresh & Black Familienzelt in Valencia: Schlafkabine für vier, 5 m² Wohnbereich und Transporttasche für deinen Campingurlaub.","https://rentandroll.com/de/product/family-tent-1","[""Quechua Arpenaz 4.1 Fresh & Black Familienzelt""]","{""en"":""https://rentandroll.com/product/family-tent-1"",""es"":""https://rentandroll.com/es/product/family-tent-1"",""x-default"":""https://rentandroll.com/product/family-tent-1"",""de"":""https://rentandroll.com/de/product/family-tent-1""}","[""Product"",""BreadcrumbList"",""FAQPage""]","Existing owner retained; German type and local intent sense-checked; no new URL","true"
"/product/family-tent-3","product","Familienzelt für fünf mieten in Valencia Arpenaz 5.2","Exact product, model, size or capacity; supporting commercial owner","Familienzelt für fünf mieten in Valencia | Arpenaz 5.2","Miete das Quechua Arpenaz 5.2 Fresh & Black Familienzelt in Valencia: Platz für fünf, zwei getrennte Schlafkabinen, 5 m² Wohnbereich und Transporttasche.","https://rentandroll.com/de/product/family-tent-3","[""Quechua Arpenaz 5.2 Fresh & Black Familienzelt""]","{""en"":""https://rentandroll.com/product/family-tent-3"",""es"":""https://rentandroll.com/es/product/family-tent-3"",""x-default"":""https://rentandroll.com/product/family-tent-3"",""de"":""https://rentandroll.com/de/product/family-tent-3""}","[""Product"",""BreadcrumbList"",""FAQPage""]","Existing owner retained; German type and local intent sense-checked; no new URL","true"
"/product/finnish-skittles-compact","product","Finnisches Kegelspiel mieten in Valencia","Exact product, model, size or capacity; supporting commercial owner","Finnisches Kegelspiel mieten in Valencia","Miete ein kompaktes finnisches Kegelspiel in Valencia für Picknicks und Treffen im Freien: zwölf Holzkegel, ein Wurfholz und eine praktische Tragetasche.","https://rentandroll.com/de/product/finnish-skittles-compact","[""Finnisches Kegelspiel – kompaktes Set""]","{""en"":""https://rentandroll.com/product/finnish-skittles-compact"",""es"":""https://rentandroll.com/es/product/finnish-skittles-compact"",""x-default"":""https://rentandroll.com/product/finnish-skittles-compact"",""de"":""https://rentandroll.com/de/product/finnish-skittles-compact""}","[""Product"",""BreadcrumbList"",""FAQPage""]","Existing owner retained; German type and local intent sense-checked; no new URL","true"
"/product/fitness-equipment-floor-mat","product","Bodenschutzmatte für Fitnessgeräte mieten in Valencia","Exact product, model, size or capacity; supporting commercial owner","Bodenschutzmatte für Fitnessgeräte mieten in Valencia","Miete eine Bodenschutzmatte für Fitnessgeräte in Valencia: 98 × 198 cm Fläche und etwa 6 mm dick, als Unterlage für Laufbänder und Rudergeräte drinnen.","https://rentandroll.com/de/product/fitness-equipment-floor-mat","[""Bodenschutzmatte für Fitnessgeräte, 98 × 198 cm""]","{""en"":""https://rentandroll.com/product/fitness-equipment-floor-mat"",""es"":""https://rentandroll.com/es/product/fitness-equipment-floor-mat"",""x-default"":""https://rentandroll.com/product/fitness-equipment-floor-mat"",""de"":""https://rentandroll.com/de/product/fitness-equipment-floor-mat""}","[""Product"",""BreadcrumbList"",""FAQPage""]","Existing owner retained; German type and local intent sense-checked; no new URL","true"
"/product/folding-chair","product","IKEA Klappstuhl mieten in Valencia VIHALS","Exact product, model, size or capacity; supporting commercial owner","IKEA Klappstuhl mieten in Valencia | VIHALS","Miete einen IKEA VIHALS Klappstuhl in Valencia für Gäste, Esstisch oder Arbeitsplatz. Flach faltbar und für den häuslichen Gebrauch bis 110 kg getestet.","https://rentandroll.com/de/product/folding-chair","[""IKEA VIHALS Klappstuhl""]","{""en"":""https://rentandroll.com/product/folding-chair"",""es"":""https://rentandroll.com/es/product/folding-chair"",""x-default"":""https://rentandroll.com/product/folding-chair"",""de"":""https://rentandroll.com/de/product/folding-chair""}","[""Product"",""BreadcrumbList"",""FAQPage""]","Existing owner retained; German type and local intent sense-checked; no new URL","true"
"/product/glamping-table","product","Verstellbaren Campingtisch mieten in Valencia Aktive","Exact product, model, size or capacity; supporting commercial owner","Verstellbaren Campingtisch mieten in Valencia | Aktive","Miete den Aktive Sabana Campingtisch in Valencia: 90 × 57 cm Aluminiumplatte, 45–70 cm Höhe, 30 kg Traglast und eine Tasche für den einfachen Transport.","https://rentandroll.com/de/product/glamping-table","[""Aktive Sabana höhenverstellbarer Campingtisch""]","{""en"":""https://rentandroll.com/product/glamping-table"",""es"":""https://rentandroll.com/es/product/glamping-table"",""x-default"":""https://rentandroll.com/product/glamping-table"",""de"":""https://rentandroll.com/de/product/glamping-table""}","[""Product"",""BreadcrumbList"",""FAQPage""]","Existing owner retained; German type and local intent sense-checked; no new URL","true"
"/product/heavy-duty-mobility-scooter","product","Elektromobil XL mieten in Valencia Bis 160 kg","Exact product, model, size or capacity; supporting commercial owner","Elektromobil XL mieten in Valencia | Bis 160 kg","Miete ein Elektromobil XL in Valencia für längere befestigte Wege, mit stützendem Sitz und bis 160 kg Nutzergewicht. Zugang und Fahrzeug prüfen wir vorab.","https://rentandroll.com/de/product/heavy-duty-mobility-scooter","[""Elektromobil XL""]","{""en"":""https://rentandroll.com/product/heavy-duty-mobility-scooter"",""es"":""https://rentandroll.com/es/product/heavy-duty-mobility-scooter"",""x-default"":""https://rentandroll.com/product/heavy-duty-mobility-scooter"",""de"":""https://rentandroll.com/de/product/heavy-duty-mobility-scooter""}","[""Product"",""BreadcrumbList"",""FAQPage""]","Existing owner retained; German type and local intent sense-checked; no new URL","true"
"/product/high-chair","product","Faltbaren Babyhochstuhl mieten in Valencia","Exact product, model, size or capacity; supporting commercial owner","Faltbaren Babyhochstuhl mieten in Valencia","Miete einen verstellbaren, faltbaren Babyhochstuhl in Valencia mit Fünfpunktgurt und abnehmbarem Tablett. Für Kinder bis zu einem Gewicht von 20 kg.","https://rentandroll.com/de/product/high-chair","[""Faltbarer Babyhochstuhl""]","{""en"":""https://rentandroll.com/product/high-chair"",""es"":""https://rentandroll.com/es/product/high-chair"",""x-default"":""https://rentandroll.com/product/high-chair"",""de"":""https://rentandroll.com/de/product/high-chair""}","[""Product"",""BreadcrumbList"",""FAQPage""]","Existing owner retained; German type and local intent sense-checked; no new URL","true"
"/product/hiking-baby-carrier","product","Deuter Kindertrage mieten in Valencia Kid Comfort","Exact product, model, size or capacity; supporting commercial owner","Deuter Kindertrage mieten in Valencia | Kid Comfort","Miete die Deuter Kid Comfort Kindertrage in Valencia mit verstellbarem Tragesystem und Sonnendach. Für selbstständig sitzende Kinder bis 18 kg.","https://rentandroll.com/de/product/hiking-baby-carrier","[""Deuter Kid Comfort Kindertrage zum Wandern""]","{""en"":""https://rentandroll.com/product/hiking-baby-carrier"",""es"":""https://rentandroll.com/es/product/hiking-baby-carrier"",""x-default"":""https://rentandroll.com/product/hiking-baby-carrier"",""de"":""https://rentandroll.com/de/product/hiking-baby-carrier""}","[""Product"",""BreadcrumbList"",""FAQPage""]","Existing owner retained; German type and local intent sense-checked; no new URL","true"
"/product/indigo-sports-druna-puzzle-fitness-mat","product","Fitness-Puzzlematte mieten in Valencia DRUNA","Exact product, model, size or capacity; supporting commercial owner","Fitness-Puzzlematte mieten in Valencia | DRUNA","Miete vier DRUNA Fitness-Puzzleplatten in Valencia: je 60 × 60 × 2 cm für eine kompakte, rutschhemmende Trainingsfläche und vorübergehenden Bodenschutz.","https://rentandroll.com/de/product/indigo-sports-druna-puzzle-fitness-mat","[""DRUNA Fitness-Puzzlematte, vier Teile""]","{""en"":""https://rentandroll.com/product/indigo-sports-druna-puzzle-fitness-mat"",""es"":""https://rentandroll.com/es/product/indigo-sports-druna-puzzle-fitness-mat"",""x-default"":""https://rentandroll.com/product/indigo-sports-druna-puzzle-fitness-mat"",""de"":""https://rentandroll.com/de/product/indigo-sports-druna-puzzle-fitness-mat""}","[""Product"",""BreadcrumbList"",""FAQPage""]","Existing owner retained; German type and local intent sense-checked; no new URL","true"
"/product/inflatable-family-kayak-2-3-people","product","Familienkajak für 2–3 Personen mieten in Valencia","Exact product, model, size or capacity; supporting commercial owner","Familienkajak für 2–3 Personen mieten in Valencia","Miete ein aufblasbares Familienkajak für zwei oder drei Personen bei Valencia, mit zwei Paddeln und Tragetasche. Pumpe und Schwimmhilfen separat wählbar.","https://rentandroll.com/de/product/inflatable-family-kayak-2-3-people","[""Aufblasbares Familienkajak für 2–3 Personen""]","{""en"":""https://rentandroll.com/product/inflatable-family-kayak-2-3-people"",""es"":""https://rentandroll.com/es/product/inflatable-family-kayak-2-3-people"",""x-default"":""https://rentandroll.com/product/inflatable-family-kayak-2-3-people"",""de"":""https://rentandroll.com/de/product/inflatable-family-kayak-2-3-people""}","[""Product"",""BreadcrumbList"",""FAQPage""]","Existing owner retained; German type and local intent sense-checked; no new URL","true"
"/product/inflatable-kayak-1-2-people","product","Kajak für 1–2 Personen mieten in Valencia","Exact product, model, size or capacity; supporting commercial owner","Kajak für 1–2 Personen mieten in Valencia","Miete ein aufblasbares Kajak für ein bis zwei Personen bei Valencia mit Paddeln und Tragetasche. Maximal 195 kg Gesamtlast, geeigneter Einstieg nötig.","https://rentandroll.com/de/product/inflatable-kayak-1-2-people","[""Aufblasbares Kajak für 1–2 Personen""]","{""en"":""https://rentandroll.com/product/inflatable-kayak-1-2-people"",""es"":""https://rentandroll.com/es/product/inflatable-kayak-1-2-people"",""x-default"":""https://rentandroll.com/product/inflatable-kayak-1-2-people"",""de"":""https://rentandroll.com/de/product/inflatable-kayak-1-2-people""}","[""Product"",""BreadcrumbList"",""FAQPage""]","Existing owner retained; German type and local intent sense-checked; no new URL","true"
"/product/inflatable-paddle-board-sup","product","Aufblasbares SUP-Board mieten in Valencia","Exact product, model, size or capacity; supporting commercial owner","Aufblasbares SUP-Board mieten in Valencia","Miete ein aufblasbares SUP bei Valencia mit Paddel und Handpumpe. Geeignete Einstiegsstelle, Belastungsgrenze und Sicherheitsausrüstung werden geprüft.","https://rentandroll.com/de/product/inflatable-paddle-board-sup","[""Aufblasbares Stand-up-Paddleboard (SUP)""]","{""en"":""https://rentandroll.com/product/inflatable-paddle-board-sup"",""es"":""https://rentandroll.com/es/product/inflatable-paddle-board-sup"",""x-default"":""https://rentandroll.com/product/inflatable-paddle-board-sup"",""de"":""https://rentandroll.com/de/product/inflatable-paddle-board-sup""}","[""Product"",""BreadcrumbList"",""FAQPage""]","Existing owner retained; German type and local intent sense-checked; no new URL","true"
"/product/karaoke-kit","product","Karaoke-Set mieten in Valencia Zwei Funkmikrofone","Exact product, model, size or capacity; supporting commercial owner","Karaoke-Set mieten in Valencia | Zwei Funkmikrofone","Miete ein JBL Karaoke-Set mit zwei Funkmikrofonen in Valencia für gemeinsame Singabende. Musik und Liedtexte kommen von deinem Smartphone oder Tablet.","https://rentandroll.com/de/product/karaoke-kit","[""Karaoke-Set mit zwei Funkmikrofonen""]","{""en"":""https://rentandroll.com/product/karaoke-kit"",""es"":""https://rentandroll.com/es/product/karaoke-kit"",""x-default"":""https://rentandroll.com/product/karaoke-kit"",""de"":""https://rentandroll.com/de/product/karaoke-kit""}","[""Product"",""BreadcrumbList"",""FAQPage""]","Existing owner retained; German type and local intent sense-checked; no new URL","true"
"/product/karcher-k3-pressure-washer","product","Kärcher K 3 Hochdruckreiniger mieten in Valencia","Exact product, model, size or capacity; supporting commercial owner","Kärcher K 3 Hochdruckreiniger mieten in Valencia","Miete den Kärcher K 3 Hochdruckreiniger in Valencia für Terrassen, Gartenmöbel und kleine Fahrzeuge. Mit bis zu 120 bar, Vario Power und 6 m Schlauch.","https://rentandroll.com/de/product/karcher-k3-pressure-washer","[""Kärcher K 3 Hochdruckreiniger""]","{""en"":""https://rentandroll.com/product/karcher-k3-pressure-washer"",""es"":""https://rentandroll.com/es/product/karcher-k3-pressure-washer"",""x-default"":""https://rentandroll.com/product/karcher-k3-pressure-washer"",""de"":""https://rentandroll.com/de/product/karcher-k3-pressure-washer""}","[""Product"",""BreadcrumbList"",""FAQPage""]","Existing owner retained; German type and local intent sense-checked; no new URL","true"
"/product/kinderkraft-i-spark-2-plus-i-size-car-seat","product","Kinderkraft I-SPARK 2 PLUS Kindersitz mieten Valencia","Exact product, model, size or capacity; supporting commercial owner","Kinderkraft I-SPARK 2 PLUS Kindersitz mieten | Valencia","Miete den Kinderkraft I-SPARK 2 PLUS i-Size Kindersitz in Valencia für Kinder von 100–150 cm, mit hoher Rückenlehne und Befestigung per Dreipunktgurt.","https://rentandroll.com/de/product/kinderkraft-i-spark-2-plus-i-size-car-seat","[""Kinderkraft I-SPARK 2 PLUS i-Size Kindersitz""]","{""en"":""https://rentandroll.com/product/kinderkraft-i-spark-2-plus-i-size-car-seat"",""es"":""https://rentandroll.com/es/product/kinderkraft-i-spark-2-plus-i-size-car-seat"",""x-default"":""https://rentandroll.com/product/kinderkraft-i-spark-2-plus-i-size-car-seat"",""de"":""https://rentandroll.com/de/product/kinderkraft-i-spark-2-plus-i-size-car-seat""}","[""Product"",""BreadcrumbList"",""FAQPage""]","Existing owner retained; German type and local intent sense-checked; no new URL","true"
"/product/kipsta-bs100-beginner-beach-volleyball-net","product","Beachvolleyballnetz mieten in Valencia Kipsta BS100","Exact product, model, size or capacity; supporting commercial owner","Beachvolleyballnetz mieten in Valencia | Kipsta BS100","Miete ein 4 m breites Beachvolleyballnetz in Valencia: drei Höhen von 1,50 bis 2 m, Heringe und Tragetasche für Strandspiele. Ball separat erhältlich.","https://rentandroll.com/de/product/kipsta-bs100-beginner-beach-volleyball-net","[""Kipsta BS100 Beachvolleyball-Netzset""]","{""en"":""https://rentandroll.com/product/kipsta-bs100-beginner-beach-volleyball-net"",""es"":""https://rentandroll.com/es/product/kipsta-bs100-beginner-beach-volleyball-net"",""x-default"":""https://rentandroll.com/product/kipsta-bs100-beginner-beach-volleyball-net"",""de"":""https://rentandroll.com/de/product/kipsta-bs100-beginner-beach-volleyball-net""}","[""Product"",""BreadcrumbList"",""FAQPage""]","Existing owner retained; German type and local intent sense-checked; no new URL","true"
"/product/kipsta-bv100-size-5-beach-volleyball","product","Beachvolleyball mieten in Valencia Kipsta BV100","Exact product, model, size or capacity; supporting commercial owner","Beachvolleyball mieten in Valencia | Kipsta BV100","Miete einen Kipsta BV100 Beachvolleyball in Valencia: Größe 5, weiche Oberfläche und 21 cm Durchmesser für Freizeitspiele am Strand. Pumpe nicht enthalten.","https://rentandroll.com/de/product/kipsta-bv100-size-5-beach-volleyball","[""Kipsta BV100 Beachvolleyball, Größe 5""]","{""en"":""https://rentandroll.com/product/kipsta-bv100-size-5-beach-volleyball"",""es"":""https://rentandroll.com/es/product/kipsta-bv100-size-5-beach-volleyball"",""x-default"":""https://rentandroll.com/product/kipsta-bv100-size-5-beach-volleyball"",""de"":""https://rentandroll.com/de/product/kipsta-bv100-size-5-beach-volleyball""}","[""Product"",""BreadcrumbList"",""FAQPage""]","Existing owner retained; German type and local intent sense-checked; no new URL","true"
"/product/koenic-kac-9022-w-portable-air-conditioner","product","KOENIC Klimagerät mieten in Valencia 9.000 BTU","Exact product, model, size or capacity; supporting commercial owner","KOENIC Klimagerät mieten in Valencia | 9.000 BTU","Miete das mobile KOENIC KAC 9022 W Klimagerät in Valencia mit 9.000 BTU Kühlleistung, Fernbedienung und Abluftschlauch. Aufstellung wird vorab geprüft.","https://rentandroll.com/de/product/koenic-kac-9022-w-portable-air-conditioner","[""KOENIC KAC 9022 W mobiles Klimagerät, 9.000 BTU""]","{""en"":""https://rentandroll.com/product/koenic-kac-9022-w-portable-air-conditioner"",""es"":""https://rentandroll.com/es/product/koenic-kac-9022-w-portable-air-conditioner"",""x-default"":""https://rentandroll.com/product/koenic-kac-9022-w-portable-air-conditioner"",""de"":""https://rentandroll.com/de/product/koenic-kac-9022-w-portable-air-conditioner""}","[""Product"",""BreadcrumbList"",""FAQPage""]","Existing owner retained; German type and local intent sense-checked; no new URL","true"
"/product/kubb-outdoor-team-game","product","Kubb mieten in Valencia Mannschaftsspiel aus Holz","Exact product, model, size or capacity; supporting commercial owner","Kubb mieten in Valencia | Mannschaftsspiel aus Holz","Miete ein Kubb-Set aus Holz in Valencia für Spiele im Freien mit zwei Teams. Enthalten sind König, Klötze, Wurfhölzer, Begrenzungsstäbe und Tragetasche.","https://rentandroll.com/de/product/kubb-outdoor-team-game","[""Kubb – Mannschaftsspiel aus Holz""]","{""en"":""https://rentandroll.com/product/kubb-outdoor-team-game"",""es"":""https://rentandroll.com/es/product/kubb-outdoor-team-game"",""x-default"":""https://rentandroll.com/product/kubb-outdoor-team-game"",""de"":""https://rentandroll.com/de/product/kubb-outdoor-team-game""}","[""Product"",""BreadcrumbList"",""FAQPage""]","Existing owner retained; German type and local intent sense-checked; no new URL","true"
"/product/lifejacket-15-40kg","product","Kinderrettungsweste mieten in Valencia 15–40 kg","Exact product, model, size or capacity; supporting commercial owner","Kinderrettungsweste mieten in Valencia | 15–40 kg","Miete eine Kinderrettungsweste in Valencia in 15–30 kg oder 30–40 kg. Nenne uns das Gewicht deines Kindes, damit wir die passende Größe bestätigen können.","https://rentandroll.com/de/product/lifejacket-15-40kg","[""Kinderrettungsweste, 15–40 kg""]","{""en"":""https://rentandroll.com/product/lifejacket-15-40kg"",""es"":""https://rentandroll.com/es/product/lifejacket-15-40kg"",""x-default"":""https://rentandroll.com/product/lifejacket-15-40kg"",""de"":""https://rentandroll.com/de/product/lifejacket-15-40kg""}","[""Product"",""BreadcrumbList"",""FAQPage""]","Existing owner retained; German type and local intent sense-checked; no new URL","true"
"/product/lifejacket-25-40kg","product","Kinderschwimmweste mieten in Valencia 25–40 kg","Exact product, model, size or capacity; supporting commercial owner","Kinderschwimmweste mieten in Valencia | 25–40 kg","Miete eine Kinderschwimmweste in Valencia für 25–40 kg mit Frontreißverschluss und verstellbaren Gurten. Prüfe die Verfügbarkeit für deine Reisedaten.","https://rentandroll.com/de/product/lifejacket-25-40kg","[""Kinderschwimmweste, 25–40 kg""]","{""en"":""https://rentandroll.com/product/lifejacket-25-40kg"",""es"":""https://rentandroll.com/es/product/lifejacket-25-40kg"",""x-default"":""https://rentandroll.com/product/lifejacket-25-40kg"",""de"":""https://rentandroll.com/de/product/lifejacket-25-40kg""}","[""Product"",""BreadcrumbList"",""FAQPage""]","Existing owner retained; German type and local intent sense-checked; no new URL","true"
"/product/maxi-cosi-pebble-360-pro2-infant-car-seat","product","Maxi-Cosi Pebble 360 Pro2 Babyschale mieten Valencia","Exact product, model, size or capacity; supporting commercial owner","Maxi-Cosi Pebble 360 Pro2 Babyschale mieten | Valencia","Miete die Maxi-Cosi Pebble 360 Pro2 Babyschale in Valencia für 40–87 cm und bis 13 kg. Befestigung rückwärts mit Autogurt; FamilyFix-Basis nicht enthalten.","https://rentandroll.com/de/product/maxi-cosi-pebble-360-pro2-infant-car-seat","[""Maxi-Cosi Pebble 360 Pro2 Babyschale""]","{""en"":""https://rentandroll.com/product/maxi-cosi-pebble-360-pro2-infant-car-seat"",""es"":""https://rentandroll.com/es/product/maxi-cosi-pebble-360-pro2-infant-car-seat"",""x-default"":""https://rentandroll.com/product/maxi-cosi-pebble-360-pro2-infant-car-seat"",""de"":""https://rentandroll.com/de/product/maxi-cosi-pebble-360-pro2-infant-car-seat""}","[""Product"",""BreadcrumbList"",""FAQPage""]","Existing owner retained; German type and local intent sense-checked; no new URL","true"
"/product/mobiclinic-mobimax-adjustable-dumbbells-20kg","product","Verstellbares Hantelset mieten in Valencia 20 kg","Exact product, model, size or capacity; supporting commercial owner","Verstellbares Hantelset mieten in Valencia | 20 kg","Miete ein verstellbares 20-kg-Hantelset in Valencia für dein Krafttraining. Mit Konfigurationen für Kurzhanteln, Langhantel, Kettlebell und Liegestütze.","https://rentandroll.com/de/product/mobiclinic-mobimax-adjustable-dumbbells-20kg","[""Verstellbares Hantelset, 20 kg""]","{""en"":""https://rentandroll.com/product/mobiclinic-mobimax-adjustable-dumbbells-20kg"",""es"":""https://rentandroll.com/es/product/mobiclinic-mobimax-adjustable-dumbbells-20kg"",""x-default"":""https://rentandroll.com/product/mobiclinic-mobimax-adjustable-dumbbells-20kg"",""de"":""https://rentandroll.com/de/product/mobiclinic-mobimax-adjustable-dumbbells-20kg""}","[""Product"",""BreadcrumbList"",""FAQPage""]","Existing owner retained; German type and local intent sense-checked; no new URL","true"
"/product/mobile-airconditioner-delonghi-pinguino-compact-classic","product","De’Longhi Pinguino Klimagerät mieten in Valencia","Exact product, model, size or capacity; supporting commercial owner","De’Longhi Pinguino Klimagerät mieten in Valencia","Miete das De’Longhi Pinguino PAC ES72 Klimagerät in Valencia mit Fernbedienung und Abluftschlauch. Fensterlösung und Aufstellung werden vorab geprüft.","https://rentandroll.com/de/product/mobile-airconditioner-delonghi-pinguino-compact-classic","[""De’Longhi Pinguino PAC ES72 CLASSIC mobiles Klimagerät""]","{""en"":""https://rentandroll.com/product/mobile-airconditioner-delonghi-pinguino-compact-classic"",""es"":""https://rentandroll.com/es/product/mobile-airconditioner-delonghi-pinguino-compact-classic"",""x-default"":""https://rentandroll.com/product/mobile-airconditioner-delonghi-pinguino-compact-classic"",""de"":""https://rentandroll.com/de/product/mobile-airconditioner-delonghi-pinguino-compact-classic""}","[""Product"",""BreadcrumbList"",""FAQPage""]","Existing owner retained; German type and local intent sense-checked; no new URL","true"
"/product/mobility-power-wheelchair","product","Faltbaren Elektrorollstuhl mieten in Valencia","Exact product, model, size or capacity; supporting commercial owner","Faltbaren Elektrorollstuhl mieten in Valencia","Miete einen faltbaren Elektrorollstuhl in Valencia mit Joystick und herausnehmbarem Akku. Passform, Bedienung, Route und Laden werden vorab geprüft.","https://rentandroll.com/de/product/mobility-power-wheelchair","[""Elektrischen Rollstuhl mieten in Valencia""]","{""en"":""https://rentandroll.com/product/mobility-power-wheelchair"",""es"":""https://rentandroll.com/es/product/mobility-power-wheelchair"",""x-default"":""https://rentandroll.com/product/mobility-power-wheelchair"",""de"":""https://rentandroll.com/de/product/mobility-power-wheelchair""}","[""Product"",""BreadcrumbList"",""FAQPage""]","Existing owner retained; German type and local intent sense-checked; no new URL","true"
"/product/mobility-scooter-lightweight-foldable","product","Kompaktes Elektromobil mieten in Valencia","Exact product, model, size or capacity; supporting commercial owner","Kompaktes Elektromobil mieten in Valencia","Miete ein kompaktes Elektromobil in Valencia für befestigte, stufenfreie Wege. Modell, Maße, Transport und realistische Reichweite prüfen wir vorab.","https://rentandroll.com/de/product/mobility-scooter-lightweight-foldable","[""Kompaktes zerlegbares Elektromobil""]","{""en"":""https://rentandroll.com/product/mobility-scooter-lightweight-foldable"",""es"":""https://rentandroll.com/es/product/mobility-scooter-lightweight-foldable"",""x-default"":""https://rentandroll.com/product/mobility-scooter-lightweight-foldable"",""de"":""https://rentandroll.com/de/product/mobility-scooter-lightweight-foldable""}","[""Product"",""BreadcrumbList"",""FAQPage""]","Existing owner retained; German type and local intent sense-checked; no new URL","true"
"/product/mobility-scooter-standard","product","Elektromobil Standard mieten in Valencia","Exact product, model, size or capacity; supporting commercial owner","Elektromobil Standard mieten in Valencia","Miete ein Standard-Elektromobil in Valencia für befestigte Parkwege und Promenaden. Mit Frontkorb, Ladegerät und persönlicher Einweisung bei der Übergabe.","https://rentandroll.com/de/product/mobility-scooter-standard","[""Elektromobil Standard""]","{""en"":""https://rentandroll.com/product/mobility-scooter-standard"",""es"":""https://rentandroll.com/es/product/mobility-scooter-standard"",""x-default"":""https://rentandroll.com/product/mobility-scooter-standard"",""de"":""https://rentandroll.com/de/product/mobility-scooter-standard""}","[""Product"",""BreadcrumbList"",""FAQPage""]","Existing owner retained; German type and local intent sense-checked; no new URL","true"
"/product/moni-serengeti-i-size-car-seat","product","Moni Serengeti Kindersitz mieten in Valencia","Exact product, model, size or capacity; supporting commercial owner","Moni Serengeti Kindersitz mieten in Valencia","Miete den Moni Serengeti i-Size Kindersitz in Valencia für 40–150 cm, mit 360-Grad-Drehung und ISOFIX. Passende Konfiguration vor der Nutzung bestätigen.","https://rentandroll.com/de/product/moni-serengeti-i-size-car-seat","[""Moni Serengeti i-Size Kindersitz""]","{""en"":""https://rentandroll.com/product/moni-serengeti-i-size-car-seat"",""es"":""https://rentandroll.com/es/product/moni-serengeti-i-size-car-seat"",""x-default"":""https://rentandroll.com/product/moni-serengeti-i-size-car-seat"",""de"":""https://rentandroll.com/de/product/moni-serengeti-i-size-car-seat""}","[""Product"",""BreadcrumbList"",""FAQPage""]","Existing owner retained; German type and local intent sense-checked; no new URL","true"
"/product/monitor-34","product","Desktop-Monitor mieten in Valencia","Exact product, model, size or capacity; supporting commercial owner","Desktop-Monitor mieten in Valencia","Miete einen Desktop-Monitor für deinen Arbeitsplatz in Valencia. Prüfe Anschlussmöglichkeiten, Mietdaten und die verfügbare Abholung oder Lieferung.","https://rentandroll.com/de/product/monitor-34","[""Desktop-Monitor – 34 Zoll""]","{""en"":""https://rentandroll.com/product/monitor-34"",""es"":""https://rentandroll.com/es/product/monitor-34"",""x-default"":""https://rentandroll.com/product/monitor-34"",""de"":""https://rentandroll.com/de/product/monitor-34""}","[""Product"",""BreadcrumbList"",""FAQPage""]","Dimension omitted from snippet because original fields disagree; inventory verification remains","true"
"/product/outdoor-pizza-oven-12-inch","product","Ooni Pizzaofen-Set 12 Zoll mieten in Valencia","Exact product, model, size or capacity; supporting commercial owner","Ooni Pizzaofen-Set 12 Zoll mieten in Valencia","Miete einen Ooni Karu 2 Pizzaofen in Valencia für runde Pizzen bis 12 Zoll. Nur für draußen; Verfügbarkeit, Aufstellort und Zubehör vorab bestätigen.","https://rentandroll.com/de/product/outdoor-pizza-oven-12-inch","[""Ooni Karu 2 Pizzaofen-Set für draußen, 12 Zoll""]","{""en"":""https://rentandroll.com/product/outdoor-pizza-oven-12-inch"",""es"":""https://rentandroll.com/es/product/outdoor-pizza-oven-12-inch"",""x-default"":""https://rentandroll.com/product/outdoor-pizza-oven-12-inch"",""de"":""https://rentandroll.com/de/product/outdoor-pizza-oven-12-inch""}","[""Product"",""BreadcrumbList"",""FAQPage""]","Existing owner retained; German type and local intent sense-checked; no new URL","true"
"/product/outdoor-pizza-oven-16-inch","product","Ooni Pizzaofen-Set 16 Zoll mieten in Valencia","Exact product, model, size or capacity; supporting commercial owner","Ooni Pizzaofen-Set 16 Zoll mieten in Valencia","Miete ein Ooni Karu 2 Pro Pizzaofen-Set in Valencia mit Schiebern, Thermometer und Servierzubehör. Nur für draußen; Verfügbarkeit für deine Reise anfragen.","https://rentandroll.com/de/product/outdoor-pizza-oven-16-inch","[""Ooni Karu 2 Pro Pizzaofen-Set für draußen, 16 Zoll""]","{""en"":""https://rentandroll.com/product/outdoor-pizza-oven-16-inch"",""es"":""https://rentandroll.com/es/product/outdoor-pizza-oven-16-inch"",""x-default"":""https://rentandroll.com/product/outdoor-pizza-oven-16-inch"",""de"":""https://rentandroll.com/de/product/outdoor-pizza-oven-16-inch""}","[""Product"",""BreadcrumbList"",""FAQPage""]","Existing owner retained; German type and local intent sense-checked; no new URL","true"
"/product/outsunny-70cm-folding-camping-table","product","Outsunny Campingtisch für zwei mieten in Valencia","Exact product, model, size or capacity; supporting commercial owner","Outsunny Campingtisch für zwei mieten in Valencia","Miete einen Outsunny Campingtisch in Valencia mit 70 × 70 cm Aluminiumplatte, 69 cm Höhe, unterer Netzablage und Tragetasche. Bis 30 kg Gesamtlast.","https://rentandroll.com/de/product/outsunny-70cm-folding-camping-table","[""Outsunny Campingtisch für zwei, 70 × 70 cm""]","{""en"":""https://rentandroll.com/product/outsunny-70cm-folding-camping-table"",""es"":""https://rentandroll.com/es/product/outsunny-70cm-folding-camping-table"",""x-default"":""https://rentandroll.com/product/outsunny-70cm-folding-camping-table"",""de"":""https://rentandroll.com/de/product/outsunny-70cm-folding-camping-table""}","[""Product"",""BreadcrumbList"",""FAQPage""]","Existing owner retained; German type and local intent sense-checked; no new URL","true"
"/product/outsunny-folding-camping-kitchen-a20-381v00gy","product","Faltbare Campingküche mieten in Valencia Outsunny","Exact product, model, size or capacity; supporting commercial owner","Faltbare Campingküche mieten in Valencia | Outsunny","Miete eine faltbare Campingküche in Valencia mit drei Schränken, vier Ablageböden, drei Arbeitsflächen, Windschutz, Haken, Lampenhalter und Tragetasche.","https://rentandroll.com/de/product/outsunny-folding-camping-kitchen-a20-381v00gy","[""Outsunny faltbare Campingküche""]","{""en"":""https://rentandroll.com/product/outsunny-folding-camping-kitchen-a20-381v00gy"",""es"":""https://rentandroll.com/es/product/outsunny-folding-camping-kitchen-a20-381v00gy"",""x-default"":""https://rentandroll.com/product/outsunny-folding-camping-kitchen-a20-381v00gy"",""de"":""https://rentandroll.com/de/product/outsunny-folding-camping-kitchen-a20-381v00gy""}","[""Product"",""BreadcrumbList"",""FAQPage""]","Existing owner retained; German type and local intent sense-checked; no new URL","true"
"/product/padel-racket-adult","product","Padelschläger mieten in Valencia Kuikma PR Rental","Exact product, model, size or capacity; supporting commercial owner","Padelschläger mieten in Valencia | Kuikma PR Rental","Miete einen Kuikma PR Rental Padelschläger in Valencia: 350 g, runder Kopf, neutrale Balance und weicher EVA-Schaum für Kontrolle und angenehmes Spielen.","https://rentandroll.com/de/product/padel-racket-adult","[""Kuikma PR Rental Padelschläger für Erwachsene""]","{""en"":""https://rentandroll.com/product/padel-racket-adult"",""es"":""https://rentandroll.com/es/product/padel-racket-adult"",""x-default"":""https://rentandroll.com/product/padel-racket-adult"",""de"":""https://rentandroll.com/de/product/padel-racket-adult""}","[""Product"",""BreadcrumbList"",""FAQPage""]","Existing owner retained; German type and local intent sense-checked; no new URL","true"
"/product/peg-perego-viaggio1-duo-fix-car-seat","product","Peg Perego Kindersitz mieten in Valencia Viaggio1","Exact product, model, size or capacity; supporting commercial owner","Peg Perego Kindersitz mieten in Valencia | Viaggio1","Miete den Peg Perego Viaggio1 Duo-Fix Kindersitz in Valencia für 9–18 kg mit Fünfpunktgurt, verstellbarer Kopfstütze und vier Neigungspositionen.","https://rentandroll.com/de/product/peg-perego-viaggio1-duo-fix-car-seat","[""Peg Perego Viaggio1 Duo-Fix Kindersitz""]","{""en"":""https://rentandroll.com/product/peg-perego-viaggio1-duo-fix-car-seat"",""es"":""https://rentandroll.com/es/product/peg-perego-viaggio1-duo-fix-car-seat"",""x-default"":""https://rentandroll.com/product/peg-perego-viaggio1-duo-fix-car-seat"",""de"":""https://rentandroll.com/de/product/peg-perego-viaggio1-duo-fix-car-seat""}","[""Product"",""BreadcrumbList"",""FAQPage""]","Existing owner retained; German type and local intent sense-checked; no new URL","true"
"/product/pilates-ball-75cm","product","Pilatesball 75 cm mieten in Valencia Domyos","Exact product, model, size or capacity; supporting commercial owner","Pilatesball 75 cm mieten in Valencia | Domyos","Miete einen Domyos Pilatesball mit 75 cm Durchmesser in Valencia für Balance, Dehnen und Rumpfübungen. Mit Maßband und zwei Stopfen; Pumpe separat klären.","https://rentandroll.com/de/product/pilates-ball-75cm","[""Domyos Pilates- und Gymnastikball, 75 cm""]","{""en"":""https://rentandroll.com/product/pilates-ball-75cm"",""es"":""https://rentandroll.com/es/product/pilates-ball-75cm"",""x-default"":""https://rentandroll.com/product/pilates-ball-75cm"",""de"":""https://rentandroll.com/de/product/pilates-ball-75cm""}","[""Product"",""BreadcrumbList"",""FAQPage""]","Existing owner retained; German type and local intent sense-checked; no new URL","true"
"/product/portable-cooler-18l","product","Kühltasche 18 Liter mieten in Valencia Feroce","Exact product, model, size or capacity; supporting commercial owner","Kühltasche 18 Liter mieten in Valencia | Feroce","Miete eine isolierte Feroce Kühltasche mit 18 Litern in Valencia für Strandtage und Picknicks. Mit gepolstertem Schultergurt und mehreren Tragegriffen.","https://rentandroll.com/de/product/portable-cooler-18l","[""Feroce Kühltasche, 18 Liter""]","{""en"":""https://rentandroll.com/product/portable-cooler-18l"",""es"":""https://rentandroll.com/es/product/portable-cooler-18l"",""x-default"":""https://rentandroll.com/product/portable-cooler-18l"",""de"":""https://rentandroll.com/de/product/portable-cooler-18l""}","[""Product"",""BreadcrumbList"",""FAQPage""]","Existing owner retained; German type and local intent sense-checked; no new URL","true"
"/product/portable-gas-oven","product","Camping-Gasofen mieten in Valencia Eurocatch","Exact product, model, size or capacity; supporting commercial owner","Camping-Gasofen mieten in Valencia | Eurocatch","Miete einen Eurocatch Camping-Gasofen in Valencia mit 25,2 Litern, oberer Kochstelle und Timer. Nur im Freien verwenden; Gaskartuschen nicht enthalten.","https://rentandroll.com/de/product/portable-gas-oven","[""Eurocatch Camping-Gasofen mit Kochstelle, 25,2 Liter""]","{""en"":""https://rentandroll.com/product/portable-gas-oven"",""es"":""https://rentandroll.com/es/product/portable-gas-oven"",""x-default"":""https://rentandroll.com/product/portable-gas-oven"",""de"":""https://rentandroll.com/de/product/portable-gas-oven""}","[""Product"",""BreadcrumbList"",""FAQPage""]","Existing owner retained; German type and local intent sense-checked; no new URL","true"
"/product/portable-table-tennis-set","product","Tragbares Tischtennis-Set mieten in Valencia","Exact product, model, size or capacity; supporting commercial owner","Tragbares Tischtennis-Set mieten in Valencia","Miete ein Tischtennis-Set in Valencia mit ausziehbarem Netz, zwei Schlägern und zwei Bällen. Für geeignete Tische bis 1,55 m Breite; Tisch nicht enthalten.","https://rentandroll.com/de/product/portable-table-tennis-set","[""Tragbares Tischtennis-Set mit Netz, Schlägern und Bällen""]","{""en"":""https://rentandroll.com/product/portable-table-tennis-set"",""es"":""https://rentandroll.com/es/product/portable-table-tennis-set"",""x-default"":""https://rentandroll.com/product/portable-table-tennis-set"",""de"":""https://rentandroll.com/de/product/portable-table-tennis-set""}","[""Product"",""BreadcrumbList"",""FAQPage""]","Existing owner retained; German type and local intent sense-checked; no new URL","true"
"/product/portable-tennis-padel-ball-machine-battery-operated","product","Siboasi Tennis-Ballmaschine mieten in Valencia","Exact product, model, size or capacity; supporting commercial owner","Siboasi Tennis-Ballmaschine mieten in Valencia","Miete eine Siboasi Tennis-Ballmaschine in Valencia mit Fernbedienung, Topspin und Backspin. Laufzeit, Ballumfang und Transport werden vorab bestätigt.","https://rentandroll.com/de/product/portable-tennis-padel-ball-machine-battery-operated","[""Siboasi S4015 Tennis-Ballmaschine""]","{""en"":""https://rentandroll.com/product/portable-tennis-padel-ball-machine-battery-operated"",""es"":""https://rentandroll.com/es/product/portable-tennis-padel-ball-machine-battery-operated"",""x-default"":""https://rentandroll.com/product/portable-tennis-padel-ball-machine-battery-operated"",""de"":""https://rentandroll.com/de/product/portable-tennis-padel-ball-machine-battery-operated""}","[""Product"",""BreadcrumbList"",""FAQPage""]","Existing owner retained; German type and local intent sense-checked; no new URL","true"
"/product/quechua-arpenaz-4-2-fresh-black-family-tent","product","Arpenaz 4.2 Familienzelt mieten in Valencia","Exact product, model, size or capacity; supporting commercial owner","Arpenaz 4.2 Familienzelt mieten in Valencia","Miete das Quechua Arpenaz 4.2 Fresh & Black Familienzelt in Valencia: zwei Schlafkabinen für vier Personen, 3,5 m² Wohnbereich und Transporttasche.","https://rentandroll.com/de/product/quechua-arpenaz-4-2-fresh-black-family-tent","[""Quechua Arpenaz 4.2 Fresh & Black Familienzelt""]","{""en"":""https://rentandroll.com/product/quechua-arpenaz-4-2-fresh-black-family-tent"",""es"":""https://rentandroll.com/es/product/quechua-arpenaz-4-2-fresh-black-family-tent"",""x-default"":""https://rentandroll.com/product/quechua-arpenaz-4-2-fresh-black-family-tent"",""de"":""https://rentandroll.com/de/product/quechua-arpenaz-4-2-fresh-black-family-tent""}","[""Product"",""BreadcrumbList"",""FAQPage""]","Existing owner retained; German type and local intent sense-checked; no new URL","true"
"/product/rollator-walker","product","Rollator mieten in Valencia Mit Sitz und Tasche","Exact product, model, size or capacity; supporting commercial owner","Rollator mieten in Valencia | Mit Sitz und Tasche","Miete einen Rollator in Valencia mit vier Rädern, Sitz, Tasche und Bremsen. Höhenverstellbar und faltbar, 6,5 kg Eigengewicht und bis zu 135 kg Belastung.","https://rentandroll.com/de/product/rollator-walker","[""Rollator mit Sitz und Tasche""]","{""en"":""https://rentandroll.com/product/rollator-walker"",""es"":""https://rentandroll.com/es/product/rollator-walker"",""x-default"":""https://rentandroll.com/product/rollator-walker"",""de"":""https://rentandroll.com/de/product/rollator-walker""}","[""Product"",""BreadcrumbList"",""FAQPage""]","Existing owner retained; German type and local intent sense-checked; no new URL","true"
"/product/roof-box","product","G3 Reef 580 Dachbox mieten in Valencia","Exact product, model, size or capacity; supporting commercial owner","G3 Reef 580 Dachbox mieten in Valencia","Miete eine G3 Reef 580 Dachbox in Valencia nach Prüfung von Fahrzeug, Dachträgern und Zustand. Etwa 460 Liter laut Handelsangabe, beidseitig zu öffnen.","https://rentandroll.com/de/product/roof-box","[""G3 Reef 580 Dachbox, etwa 460 Liter""]","{""en"":""https://rentandroll.com/product/roof-box"",""es"":""https://rentandroll.com/es/product/roof-box"",""x-default"":""https://rentandroll.com/product/roof-box"",""de"":""https://rentandroll.com/de/product/roof-box""}","[""Product"",""BreadcrumbList"",""FAQPage""]","Existing owner retained; German type and local intent sense-checked; no new URL","true"
"/product/roof-tent-2adults-2kids","product","Familiendachzelt mieten in Valencia Hartschale","Exact product, model, size or capacity; supporting commercial owner","Familiendachzelt mieten in Valencia | Hartschale","Miete ein Hartschalen-Dachzelt in Valencia für zwei Erwachsene und zwei Kinder mit Matratze, Leiter und LED-Licht. Fahrzeugkompatibilität vorab prüfen.","https://rentandroll.com/de/product/roof-tent-2adults-2kids","[""Hartschalen-Dachzelt für zwei Erwachsene und zwei Kinder""]","{""en"":""https://rentandroll.com/product/roof-tent-2adults-2kids"",""es"":""https://rentandroll.com/es/product/roof-tent-2adults-2kids"",""x-default"":""https://rentandroll.com/product/roof-tent-2adults-2kids"",""de"":""https://rentandroll.com/de/product/roof-tent-2adults-2kids""}","[""Product"",""BreadcrumbList"",""FAQPage""]","Existing owner retained; German type and local intent sense-checked; no new URL","true"
"/product/roundnet-set-four-players","product","Roundnet mieten in Valencia Set für vier","Exact product, model, size or capacity; supporting commercial owner","Roundnet mieten in Valencia | Set für vier","Miete ein Kipsta Roundnet-Set in Valencia für Spiele zu viert am Strand oder im Park. Mit rundem Netz, einem Ball und Rucksack für das zerlegte Set.","https://rentandroll.com/de/product/roundnet-set-four-players","[""Kipsta Roundnet-Set für vier Personen""]","{""en"":""https://rentandroll.com/product/roundnet-set-four-players"",""es"":""https://rentandroll.com/es/product/roundnet-set-four-players"",""x-default"":""https://rentandroll.com/product/roundnet-set-four-players"",""de"":""https://rentandroll.com/de/product/roundnet-set-four-players""}","[""Product"",""BreadcrumbList"",""FAQPage""]","Existing owner retained; German type and local intent sense-checked; no new URL","true"
"/product/seat-booster","product","Sitzerhöhung ohne Rückenlehne mieten in Valencia","Exact product, model, size or capacity; supporting commercial owner","Sitzerhöhung ohne Rückenlehne mieten in Valencia","Miete eine leichte Sitzerhöhung ohne Rückenlehne in Valencia zur Nutzung mit dem Dreipunktgurt. Teile uns die Größe deines Kindes zur Prüfung mit.","https://rentandroll.com/de/product/seat-booster","[""Sitzerhöhung ohne Rückenlehne""]","{""en"":""https://rentandroll.com/product/seat-booster"",""es"":""https://rentandroll.com/es/product/seat-booster"",""x-default"":""https://rentandroll.com/product/seat-booster"",""de"":""https://rentandroll.com/de/product/seat-booster""}","[""Product"",""BreadcrumbList"",""FAQPage""]","Existing owner retained; German type and local intent sense-checked; no new URL","true"
"/product/slush-machine-two-flavours","product","Slush-Maschine mieten in Valencia Zwei Sorten","Exact product, model, size or capacity; supporting commercial owner","Slush-Maschine mieten in Valencia | Zwei Sorten","Miete eine Ninja SLUSHi Twist in Valencia für Sommerfeste und Geburtstage. Zwei Sorten gleichzeitig, bis zu zehn Getränke à 260 ml und keine Eiszugabe.","https://rentandroll.com/de/product/slush-machine-two-flavours","[""Ninja SLUSHi Twist – zwei Geschmacksrichtungen""]","{""en"":""https://rentandroll.com/product/slush-machine-two-flavours"",""es"":""https://rentandroll.com/es/product/slush-machine-two-flavours"",""x-default"":""https://rentandroll.com/product/slush-machine-two-flavours"",""de"":""https://rentandroll.com/de/product/slush-machine-two-flavours""}","[""Product"",""BreadcrumbList"",""FAQPage""]","Existing owner retained; German type and local intent sense-checked; no new URL","true"
"/product/slush-machine-up-to-12-drinks","product","Slush-Maschine mieten in Valencia Bis zwölf Getränke","Exact product, model, size or capacity; supporting commercial owner","Slush-Maschine mieten in Valencia | Bis zwölf Getränke","Miete eine Ninja SLUSHi MAX in Valencia für Sommerfeste und Partys. Bis zu zwölf Getränke à 260 ml pro Charge, sechs Programme und keine Eiszugabe.","https://rentandroll.com/de/product/slush-machine-up-to-12-drinks","[""Ninja SLUSHi MAX – bis zu zwölf Getränke""]","{""en"":""https://rentandroll.com/product/slush-machine-up-to-12-drinks"",""es"":""https://rentandroll.com/es/product/slush-machine-up-to-12-drinks"",""x-default"":""https://rentandroll.com/product/slush-machine-up-to-12-drinks"",""de"":""https://rentandroll.com/de/product/slush-machine-up-to-12-drinks""}","[""Product"",""BreadcrumbList"",""FAQPage""]","Existing owner retained; German type and local intent sense-checked; no new URL","true"
"/product/soft-flying-disc","product","Weiche Wurfscheibe mieten in Valencia Olaian","Exact product, model, size or capacity; supporting commercial owner","Weiche Wurfscheibe mieten in Valencia | Olaian","Miete eine weiche Olaian Wurfscheibe in Valencia für kurze Würfe am Strand. Leichter Schaumstoff, 20,5 cm Durchmesser; Kinder ab drei nur unter Aufsicht.","https://rentandroll.com/de/product/soft-flying-disc","[""Olaian DSoft 100 weiche Wurfscheibe""]","{""en"":""https://rentandroll.com/product/soft-flying-disc"",""es"":""https://rentandroll.com/es/product/soft-flying-disc"",""x-default"":""https://rentandroll.com/product/soft-flying-disc"",""de"":""https://rentandroll.com/de/product/soft-flying-disc""}","[""Product"",""BreadcrumbList"",""FAQPage""]","Existing owner retained; German type and local intent sense-checked; no new URL","true"
"/product/soft-petanque-six-ball-set","product","Weiches Pétanque-Set mieten in Valencia","Exact product, model, size or capacity; supporting commercial owner","Weiches Pétanque-Set mieten in Valencia","Miete ein weiches Pétanque-Set in Valencia für drinnen oder den Garten. Sechs Kugeln, Zielkugel und Tragetasche für zwei Personen ab sechs Jahren.","https://rentandroll.com/de/product/soft-petanque-six-ball-set","[""Weiches Pétanque-Set mit sechs Kugeln""]","{""en"":""https://rentandroll.com/product/soft-petanque-six-ball-set"",""es"":""https://rentandroll.com/es/product/soft-petanque-six-ball-set"",""x-default"":""https://rentandroll.com/product/soft-petanque-six-ball-set"",""de"":""https://rentandroll.com/de/product/soft-petanque-six-ball-set""}","[""Product"",""BreadcrumbList"",""FAQPage""]","Existing owner retained; German type and local intent sense-checked; no new URL","true"
"/product/standing-desk","product","Höhenverstellbaren Schreibtisch mieten in Valencia","Exact product, model, size or capacity; supporting commercial owner","Höhenverstellbaren Schreibtisch mieten in Valencia","Miete einen elektrischen Schreibtisch in Valencia: 120 × 60 cm Platte, 72–120 cm Höhe und speicherbare Positionen. Bis 70 kg gleichmäßig verteilte Last.","https://rentandroll.com/de/product/standing-desk","[""Elektrisch höhenverstellbarer Schreibtisch""]","{""en"":""https://rentandroll.com/product/standing-desk"",""es"":""https://rentandroll.com/es/product/standing-desk"",""x-default"":""https://rentandroll.com/product/standing-desk"",""de"":""https://rentandroll.com/de/product/standing-desk""}","[""Product"",""BreadcrumbList"",""FAQPage""]","Existing owner retained; German type and local intent sense-checked; no new URL","true"
"/product/stokke-flexi-bath-baby-bath-and-flexi-bath-newborn-support-bundle","product","Stokke Babybadewanne mieten in Valencia Flexi Bath","Exact product, model, size or capacity; supporting commercial owner","Stokke Babybadewanne mieten in Valencia | Flexi Bath","Miete eine faltbare Stokke Flexi Bath in Valencia mit Newborn Support. Kompakt zu verstauen; beim Baden immer in Griffweite deines Kindes bleiben.","https://rentandroll.com/de/product/stokke-flexi-bath-baby-bath-and-flexi-bath-newborn-support-bundle","[""Stokke Flexi Bath mit Neugeborenenstütze""]","{""en"":""https://rentandroll.com/product/stokke-flexi-bath-baby-bath-and-flexi-bath-newborn-support-bundle"",""es"":""https://rentandroll.com/es/product/stokke-flexi-bath-baby-bath-and-flexi-bath-newborn-support-bundle"",""x-default"":""https://rentandroll.com/product/stokke-flexi-bath-baby-bath-and-flexi-bath-newborn-support-bundle"",""de"":""https://rentandroll.com/de/product/stokke-flexi-bath-baby-bath-and-flexi-bath-newborn-support-bundle""}","[""Product"",""BreadcrumbList"",""FAQPage""]","Existing owner retained; German type and local intent sense-checked; no new URL","true"
"/product/stroller-all-terrain","product","Bebeconfort Cloudy Kinderwagen mieten in Valencia","Exact product, model, size or capacity; supporting commercial owner","Bebeconfort Cloudy Kinderwagen mieten in Valencia","Miete den Bebeconfort Cloudy Kinderwagen in Valencia mit Luftreifen, Liegeposition und verstellbarem Schieber. Für Kinder bis 22 kg; nicht zum Joggen.","https://rentandroll.com/de/product/stroller-all-terrain","[""Bebeconfort Cloudy Kinderwagen mit Luftreifen""]","{""en"":""https://rentandroll.com/product/stroller-all-terrain"",""es"":""https://rentandroll.com/es/product/stroller-all-terrain"",""x-default"":""https://rentandroll.com/product/stroller-all-terrain"",""de"":""https://rentandroll.com/de/product/stroller-all-terrain""}","[""Product"",""BreadcrumbList"",""FAQPage""]","Existing owner retained; German type and local intent sense-checked; no new URL","true"
"/product/stroller-and-bike-trailer-for-2","product","Hamax Fahrradanhänger und Buggy mieten in Valencia","Exact product, model, size or capacity; supporting commercial owner","Hamax Fahrradanhänger und Buggy mieten in Valencia","Miete einen Hamax Fahrradanhänger und Buggy in Valencia für Familienfahrten und Spaziergänge. Mit Deichsel und Buggyrad; Fahrradkompatibilität prüfen.","https://rentandroll.com/de/product/stroller-and-bike-trailer-for-2","[""Hamax Fahrradanhänger und Buggy für zwei Kinder""]","{""en"":""https://rentandroll.com/product/stroller-and-bike-trailer-for-2"",""es"":""https://rentandroll.com/es/product/stroller-and-bike-trailer-for-2"",""x-default"":""https://rentandroll.com/product/stroller-and-bike-trailer-for-2"",""de"":""https://rentandroll.com/de/product/stroller-and-bike-trailer-for-2""}","[""Product"",""BreadcrumbList"",""FAQPage""]","Existing owner retained; German type and local intent sense-checked; no new URL","true"
"/product/stroller-double","product","Geschwisterwagen mieten in Valencia Zwei Sitze","Exact product, model, size or capacity; supporting commercial owner","Geschwisterwagen mieten in Valencia | Zwei Sitze","Miete einen Geschwisterwagen in Valencia für Zwillinge oder Geschwister. Zwei neigbare Sitze, 76 cm Breite und bis 22 kg pro Sitz; Zugang vorab prüfen.","https://rentandroll.com/de/product/stroller-double","[""Geschwisterwagen mit nebeneinanderliegenden Sitzen""]","{""en"":""https://rentandroll.com/product/stroller-double"",""es"":""https://rentandroll.com/es/product/stroller-double"",""x-default"":""https://rentandroll.com/product/stroller-double"",""de"":""https://rentandroll.com/de/product/stroller-double""}","[""Product"",""BreadcrumbList"",""FAQPage""]","Existing owner retained; German type and local intent sense-checked; no new URL","true"
"/product/stroller-travel-compact","product","Kompakten Reisebuggy mieten in Valencia","Exact product, model, size or capacity; supporting commercial owner","Kompakten Reisebuggy mieten in Valencia","Miete einen kompakten Reisebuggy in Valencia mit 6,6 kg Gewicht, Einhand-Faltmechanismus, nahezu flacher Liegeposition und integriertem Tragegurt.","https://rentandroll.com/de/product/stroller-travel-compact","[""Kompakter Reisebuggy""]","{""en"":""https://rentandroll.com/product/stroller-travel-compact"",""es"":""https://rentandroll.com/es/product/stroller-travel-compact"",""x-default"":""https://rentandroll.com/product/stroller-travel-compact"",""de"":""https://rentandroll.com/de/product/stroller-travel-compact""}","[""Product"",""BreadcrumbList"",""FAQPage""]","Existing owner retained; German type and local intent sense-checked; no new URL","true"
"/product/swimming-vest-19-30kg","product","Kinderschwimmweste mieten in Valencia 19–30 kg","Exact product, model, size or capacity; supporting commercial owner","Kinderschwimmweste mieten in Valencia | 19–30 kg","Miete eine Kinderschwimmweste in Valencia für 19–30 kg mit verstellbaren Schnallen und Schrittgurt. Schwimmhilfe zum Üben unter enger Aufsicht.","https://rentandroll.com/de/product/swimming-vest-19-30kg","[""Kinderschwimmweste als Schwimmhilfe, 19–30 kg""]","{""en"":""https://rentandroll.com/product/swimming-vest-19-30kg"",""es"":""https://rentandroll.com/es/product/swimming-vest-19-30kg"",""x-default"":""https://rentandroll.com/product/swimming-vest-19-30kg"",""de"":""https://rentandroll.com/de/product/swimming-vest-19-30kg""}","[""Product"",""BreadcrumbList"",""FAQPage""]","Existing owner retained; German type and local intent sense-checked; no new URL","true"
"/product/talbot-torro-beachminton-set","product","Beachminton-Set mieten in Valencia Für zwei","Exact product, model, size or capacity; supporting commercial owner","Beachminton-Set mieten in Valencia | Für zwei","Miete ein Beachminton-Set in Valencia mit zwei Schlägern, drei Bällen und Tragetasche. Für Spiele zu zweit am Strand, im Park oder Garten ohne Netz.","https://rentandroll.com/de/product/talbot-torro-beachminton-set","[""Beachminton-Set für zwei Personen""]","{""en"":""https://rentandroll.com/product/talbot-torro-beachminton-set"",""es"":""https://rentandroll.com/es/product/talbot-torro-beachminton-set"",""x-default"":""https://rentandroll.com/product/talbot-torro-beachminton-set"",""de"":""https://rentandroll.com/de/product/talbot-torro-beachminton-set""}","[""Product"",""BreadcrumbList"",""FAQPage""]","Existing owner retained; German type and local intent sense-checked; no new URL","true"
"/product/thule-chariot-sport-1-bike-trailer","product","Thule Chariot Sport mieten in Valencia Einsitzer","Exact product, model, size or capacity; supporting commercial owner","Thule Chariot Sport mieten in Valencia | Einsitzer","Miete einen Thule Chariot Sport Einsitzer in Valencia für Radtouren und Spaziergänge. Aktivitätsset, Fahrrad und Eignung für dein Kind werden geprüft.","https://rentandroll.com/de/product/thule-chariot-sport-1-bike-trailer","[""Thule Chariot Sport 1 Fahrradanhänger und Buggy""]","{""en"":""https://rentandroll.com/product/thule-chariot-sport-1-bike-trailer"",""es"":""https://rentandroll.com/es/product/thule-chariot-sport-1-bike-trailer"",""x-default"":""https://rentandroll.com/product/thule-chariot-sport-1-bike-trailer"",""de"":""https://rentandroll.com/de/product/thule-chariot-sport-1-bike-trailer""}","[""Product"",""BreadcrumbList"",""FAQPage""]","Existing owner retained; German type and local intent sense-checked; no new URL","true"
"/product/thule-proride-598-roof-bike-carrier","product","Thule ProRide 598 Dachfahrradträger mieten in Valencia","Exact product, model, size or capacity; supporting commercial owner","Thule ProRide 598 Dachfahrradträger mieten in Valencia","Miete einen Thule ProRide 598 Dachfahrradträger in Valencia für ein Fahrrad. Dachträger, Rahmen, Räder, Gewichtsgrenze und nötige Adapter vorab prüfen.","https://rentandroll.com/de/product/thule-proride-598-roof-bike-carrier","[""Thule ProRide 598 Dachfahrradträger für ein Fahrrad""]","{""en"":""https://rentandroll.com/product/thule-proride-598-roof-bike-carrier"",""es"":""https://rentandroll.com/es/product/thule-proride-598-roof-bike-carrier"",""x-default"":""https://rentandroll.com/product/thule-proride-598-roof-bike-carrier"",""de"":""https://rentandroll.com/de/product/thule-proride-598-roof-bike-carrier""}","[""Product"",""BreadcrumbList"",""FAQPage""]","Existing owner retained; German type and local intent sense-checked; no new URL","true"
"/product/toddler-bike-lila","product","PUKY WUTSCH Rutschfahrzeug mieten in Valencia","Exact product, model, size or capacity; supporting commercial owner","PUKY WUTSCH Rutschfahrzeug mieten in Valencia","Miete ein PUKY WUTSCH in Valencia für Kinder ab 18 Monaten. Mit ergonomischem Sitz und leisen Rädern für erste Fahrversuche auf ebenen Flächen.","https://rentandroll.com/de/product/toddler-bike-lila","[""PUKY WUTSCH Rutschfahrzeug""]","{""en"":""https://rentandroll.com/product/toddler-bike-lila"",""es"":""https://rentandroll.com/es/product/toddler-bike-lila"",""x-default"":""https://rentandroll.com/product/toddler-bike-lila"",""de"":""https://rentandroll.com/de/product/toddler-bike-lila""}","[""Product"",""BreadcrumbList"",""FAQPage""]","Existing owner retained; German type and local intent sense-checked; no new URL","true"
"/product/transport-wheelchair","product","Leichten Transportrollstuhl in Valencia mieten","Exact product, model, size or capacity; supporting commercial owner","Leichten Transportrollstuhl in Valencia mieten","Miete einen leichten Transportrollstuhl in Valencia: 9 kg Eigengewicht, faltbar, mit Fußstützen und Gurt. Zum Schieben durch eine Begleitperson.","https://rentandroll.com/de/product/transport-wheelchair","[""Leichter Transportrollstuhl""]","{""en"":""https://rentandroll.com/product/transport-wheelchair"",""es"":""https://rentandroll.com/es/product/transport-wheelchair"",""x-default"":""https://rentandroll.com/product/transport-wheelchair"",""de"":""https://rentandroll.com/de/product/transport-wheelchair""}","[""Product"",""BreadcrumbList"",""FAQPage""]","Existing owner retained; German type and local intent sense-checked; no new URL","true"
"/product/transportation-trailer","product","Böckmann Transportanhänger in Valencia mieten","Exact product, model, size or capacity; supporting commercial owner","Böckmann Transportanhänger in Valencia mieten","Miete einen abschließbaren Böckmann Transportanhänger in Valencia: dokumentierte Nutzlast 490 kg, Laderaum ca. 202 × 108 cm und Verzurrpunkte.","https://rentandroll.com/de/product/transportation-trailer","[""Böckmann Transportanhänger mit Deckel""]","{""en"":""https://rentandroll.com/product/transportation-trailer"",""es"":""https://rentandroll.com/es/product/transportation-trailer"",""x-default"":""https://rentandroll.com/product/transportation-trailer"",""de"":""https://rentandroll.com/de/product/transportation-trailer""}","[""Product"",""BreadcrumbList"",""FAQPage""]","Existing owner retained; German type and local intent sense-checked; no new URL","true"
"/product/travel-cot","product","Kinderkraft Reisebett in Valencia mieten","Exact product, model, size or capacity; supporting commercial owner","Kinderkraft Reisebett in Valencia mieten","Miete ein Kinderkraft Reisebett in Valencia: faltbar, mit Netzseiten, zwei Matratzenhöhen, passender Matratze und Tragetasche für deine Unterkunft.","https://rentandroll.com/de/product/travel-cot","[""Kinderkraft Reisebett""]","{""en"":""https://rentandroll.com/product/travel-cot"",""es"":""https://rentandroll.com/es/product/travel-cot"",""x-default"":""https://rentandroll.com/product/travel-cot"",""de"":""https://rentandroll.com/de/product/travel-cot""}","[""Product"",""BreadcrumbList"",""FAQPage""]","Existing owner retained; German type and local intent sense-checked; no new URL","true"
"/product/travel-crib","product","Leichtes Reisebett in Valencia mieten","Exact product, model, size or capacity; supporting commercial owner","Leichtes Reisebett in Valencia mieten","Miete ein 6 kg leichtes Reisebett in Valencia mit Netzseiten, fester Matratze, Spannbettlaken und Tragetasche. Schnell in deiner Unterkunft aufgestellt.","https://rentandroll.com/de/product/travel-crib","[""Leichtes Reisebett mit Spannbettlaken""]","{""en"":""https://rentandroll.com/product/travel-crib"",""es"":""https://rentandroll.com/es/product/travel-crib"",""x-default"":""https://rentandroll.com/product/travel-crib"",""de"":""https://rentandroll.com/de/product/travel-crib""}","[""Product"",""BreadcrumbList"",""FAQPage""]","Existing owner retained; German type and local intent sense-checked; no new URL","true"
"/product/ultralight-tarp-tent-2-person","product","Ultraleichtes Tarpzelt in Valencia mieten","Exact product, model, size or capacity; supporting commercial owner","Ultraleichtes Tarpzelt in Valencia mieten","Miete ein 1,3 kg leichtes Tarpzelt für zwei in Valencia. Mit zwei Apsiden für Trekkingtouren; zwei passende Trekkingstöcke sind nötig und nicht dabei.","https://rentandroll.com/de/product/ultralight-tarp-tent-2-person","[""Simond MT900 ultraleichtes Tarpzelt für zwei""]","{""en"":""https://rentandroll.com/product/ultralight-tarp-tent-2-person"",""es"":""https://rentandroll.com/es/product/ultralight-tarp-tent-2-person"",""x-default"":""https://rentandroll.com/product/ultralight-tarp-tent-2-person"",""de"":""https://rentandroll.com/de/product/ultralight-tarp-tent-2-person""}","[""Product"",""BreadcrumbList"",""FAQPage""]","Existing owner retained; German type and local intent sense-checked; no new URL","true"
"/product/video-baby-monitor","product","Video-Babyphone in Valencia mieten","Exact product, model, size or capacity; supporting commercial owner","Video-Babyphone in Valencia mieten","Miete ein Video-Babyphone in Valencia mit 3,2-Zoll-Display, Nachtsicht, Gegensprechfunktion, Temperaturanzeige und zwei Netzteilen für deine Unterkunft.","https://rentandroll.com/de/product/video-baby-monitor","[""Video-Babyphone mit Elterndisplay""]","{""en"":""https://rentandroll.com/product/video-baby-monitor"",""es"":""https://rentandroll.com/es/product/video-baby-monitor"",""x-default"":""https://rentandroll.com/product/video-baby-monitor"",""de"":""https://rentandroll.com/de/product/video-baby-monitor""}","[""Product"",""BreadcrumbList"",""FAQPage""]","Existing owner retained; German type and local intent sense-checked; no new URL","true"
"/product/walking-treadmill","product","Walking-Laufband in Valencia mieten Smart A5","Exact product, model, size or capacity; supporting commercial owner","Walking-Laufband in Valencia mieten | Smart A5","Miete das Smart A5 Walking-Laufband in Valencia: 40 × 120 cm Lauffläche, bis zu 6 km/h und manuelle Steigung. Lieferung und Aufstellung nach Absprache.","https://rentandroll.com/de/product/walking-treadmill","[""Clover Fitness Smart A5 Walking-Laufband""]","{""en"":""https://rentandroll.com/product/walking-treadmill"",""es"":""https://rentandroll.com/es/product/walking-treadmill"",""x-default"":""https://rentandroll.com/product/walking-treadmill"",""de"":""https://rentandroll.com/de/product/walking-treadmill""}","[""Product"",""BreadcrumbList"",""FAQPage""]","Existing owner retained; German type and local intent sense-checked; no new URL","true"
"/product/waterproof-phone-pouch","product","Wasserdichte Handyhülle in Valencia mieten IPX8","Exact product, model, size or capacity; supporting commercial owner","Wasserdichte Handyhülle in Valencia mieten | IPX8","Miete eine IPX8-Handyhülle in Valencia für Smartphones bis 90 × 180 mm. Mit Trageband; vor jeder Nutzung leer prüfen und Eintauchgrenzen beachten.","https://rentandroll.com/de/product/waterproof-phone-pouch","[""Wasserdichte Handyhülle IPX8""]","{""en"":""https://rentandroll.com/product/waterproof-phone-pouch"",""es"":""https://rentandroll.com/es/product/waterproof-phone-pouch"",""x-default"":""https://rentandroll.com/product/waterproof-phone-pouch"",""de"":""https://rentandroll.com/de/product/waterproof-phone-pouch""}","[""Product"",""BreadcrumbList"",""FAQPage""]","Existing owner retained; German type and local intent sense-checked; no new URL","true"
"/product/wet-dry-vacuum","product","Kärcher Nass-/Trockensauger in Valencia mieten","Exact product, model, size or capacity; supporting commercial owner","Kärcher Nass-/Trockensauger in Valencia mieten","Miete den Kärcher WD 3 Nass-/Trockensauger in Valencia mit 17-Liter-Edelstahlbehälter, Patronenfilter, Blasfunktion, Saugschlauch und zwei Düsen.","https://rentandroll.com/de/product/wet-dry-vacuum","[""Kärcher WD 3 Nass-/Trockensauger""]","{""en"":""https://rentandroll.com/product/wet-dry-vacuum"",""es"":""https://rentandroll.com/es/product/wet-dry-vacuum"",""x-default"":""https://rentandroll.com/product/wet-dry-vacuum"",""de"":""https://rentandroll.com/de/product/wet-dry-vacuum""}","[""Product"",""BreadcrumbList"",""FAQPage""]","Existing owner retained; German type and local intent sense-checked; no new URL","true"
"/product/wheelchair-electric-foldable-premium","product","Faltbaren TEYDER Elektrorollstuhl in Valencia mieten","Exact product, model, size or capacity; supporting commercial owner","Faltbaren TEYDER Elektrorollstuhl in Valencia mieten","Miete einen faltbaren TEYDER Elektrorollstuhl in Valencia mit zwei Akkus, Ladegerät und Einweisung. Passform, Route und Transport vorher abstimmen.","https://rentandroll.com/de/product/wheelchair-electric-foldable-premium","[""TEYDER faltbarer Elektrorollstuhl – Premium""]","{""en"":""https://rentandroll.com/product/wheelchair-electric-foldable-premium"",""es"":""https://rentandroll.com/es/product/wheelchair-electric-foldable-premium"",""x-default"":""https://rentandroll.com/product/wheelchair-electric-foldable-premium"",""de"":""https://rentandroll.com/de/product/wheelchair-electric-foldable-premium""}","[""Product"",""BreadcrumbList"",""FAQPage""]","Existing owner retained; German type and local intent sense-checked; no new URL","true"
"/product/xl-microfibre-towel","product","XL Mikrofaser-Strandtuch in Valencia mieten","Exact product, model, size or capacity; supporting commercial owner","XL Mikrofaser-Strandtuch in Valencia mieten","Miete ein XL Mikrofaser-Strandtuch in Valencia: 110 × 175 cm, kompakt und schnell trocknend für Malvarrosa, Patacona, Pool oder deine Unterkunft.","https://rentandroll.com/de/product/xl-microfibre-towel","[""XL Mikrofaser-Strandtuch""]","{""en"":""https://rentandroll.com/product/xl-microfibre-towel"",""es"":""https://rentandroll.com/es/product/xl-microfibre-towel"",""x-default"":""https://rentandroll.com/product/xl-microfibre-towel"",""de"":""https://rentandroll.com/de/product/xl-microfibre-towel""}","[""Product"",""BreadcrumbList"",""FAQPage""]","Existing owner retained; German type and local intent sense-checked; no new URL","true"
"/refunds","static","Erstattungen und Stornierungen","Established brand, service, navigation or policy intent","Erstattungen und Stornierungen","Du kannst bis 48 Stunden vor der geplanten Lieferung kostenlos stornieren. Prüfe Verfügbarkeit, Abholung und Lieferung für deinen Aufenthalt in Valencia.","https://rentandroll.com/de/refunds","[""Erstattungen und Stornierungen""]","{""en"":""https://rentandroll.com/refunds"",""es"":""https://rentandroll.com/es/refunds"",""de"":""https://rentandroll.com/de/refunds"",""x-default"":""https://rentandroll.com/refunds""}","[]","Existing owner retained; German type and local intent sense-checked; no new URL","true"
"/rental/baby-gear","category","Babyausstattung mieten in Valencia","Broad rental need; generic category owner","Babyausstattung mieten in Valencia","Miete Reisebetten, Kinderwagen, Hochstühle, Babybadewannen und Kleinkindausstattung in Valencia. Abhol- und Lieferoptionen siehst du bei der Buchung.","https://rentandroll.com/de/rental/baby-gear","[""Babyausstattung mieten in Valencia""]","{""en"":""https://rentandroll.com/rental/baby-gear"",""es"":""https://rentandroll.com/es/rental/baby-gear"",""de"":""https://rentandroll.com/de/rental/baby-gear"",""x-default"":""https://rentandroll.com/rental/baby-gear""}","[""CollectionPage"",""BreadcrumbList"",""FAQPage""]","Existing owner retained; German type and local intent sense-checked; no new URL","true"
"/rental/baby-gear/car-seats","family","Kindersitz mieten in Valencia","Product-type choice; generic family owner","Kindersitz mieten in Valencia | Rent&Roll","Miete eine Babyschale oder einen Kindersitz in Valencia und organisiere ihn vor der Reise. Vergleiche Modelle, Eigenschaften, Preise und Verfügbarkeit.","https://rentandroll.com/de/rental/baby-gear/car-seats","[""Kindersitz mieten in Valencia""]","{""en"":""https://rentandroll.com/rental/baby-gear/car-seats"",""es"":""https://rentandroll.com/es/rental/baby-gear/car-seats"",""de"":""https://rentandroll.com/de/rental/baby-gear/car-seats"",""x-default"":""https://rentandroll.com/rental/baby-gear/car-seats""}","[""CollectionPage"",""BreadcrumbList"",""FAQPage""]","Existing owner retained; German type and local intent sense-checked; no new URL","true"
"/rental/baby-gear/strollers","family","Kinderwagen mieten in Valencia","Product-type choice; generic family owner","Kinderwagen mieten in Valencia | Rent&Roll","Vergleiche Reisekinderwagen, geländegängige Modelle und Geschwisterwagen für Valencia. Prüfe Nutzergrenzen, Faltmaß, Zugang und Daten vor der Buchung.","https://rentandroll.com/de/rental/baby-gear/strollers","[""Kinderwagen mieten in Valencia""]","{""en"":""https://rentandroll.com/rental/baby-gear/strollers"",""es"":""https://rentandroll.com/es/rental/baby-gear/strollers"",""de"":""https://rentandroll.com/de/rental/baby-gear/strollers"",""x-default"":""https://rentandroll.com/rental/baby-gear/strollers""}","[""CollectionPage"",""BreadcrumbList"",""FAQPage""]","Existing owner retained; German type and local intent sense-checked; no new URL","true"
"/rental/baby-gear/travel-cots-cribs","family","Reisebett und Babybett mieten in Valencia","Product-type choice; generic family owner","Reisebett und Babybett mieten in Valencia | Rent&Roll","Miete ein Reisebett oder Babybett in Valencia und organisiere es vor der Ankunft. Vergleiche aktuelle Modelle, Preise und Verfügbarkeit für deine Daten.","https://rentandroll.com/de/rental/baby-gear/travel-cots-cribs","[""Reisebetten und Babybetten in Valencia mieten""]","{""en"":""https://rentandroll.com/rental/baby-gear/travel-cots-cribs"",""es"":""https://rentandroll.com/es/rental/baby-gear/travel-cots-cribs"",""de"":""https://rentandroll.com/de/rental/baby-gear/travel-cots-cribs"",""x-default"":""https://rentandroll.com/rental/baby-gear/travel-cots-cribs""}","[""CollectionPage"",""BreadcrumbList"",""FAQPage""]","Existing owner retained; German type and local intent sense-checked; no new URL","true"
"/rental/events-celebrations","category","Partyausstattung mieten in Valencia","Broad rental need; generic category owner","Partyausstattung mieten in Valencia","Miete Pizzaofen-Sets, Slush-Maschinen, Karaoke, Spiele, Tische und Stühle für Treffen in Valencia. Wähle deine Daten und prüfe die Lieferoptionen.","https://rentandroll.com/de/rental/events-celebrations","[""Ausstattung für Feiern und Veranstaltungen mieten in Valencia""]","{""en"":""https://rentandroll.com/rental/events-celebrations"",""es"":""https://rentandroll.com/es/rental/events-celebrations"",""de"":""https://rentandroll.com/de/rental/events-celebrations"",""x-default"":""https://rentandroll.com/rental/events-celebrations""}","[""CollectionPage"",""BreadcrumbList"",""FAQPage""]","Existing owner retained; German type and local intent sense-checked; no new URL","true"
"/rental/fitness-wellness","category","Sportausrüstung mieten in Valencia","Broad rental need; generic category owner","Sportausrüstung mieten in Valencia","Miete Sport- und Fitnessausrüstung in Valencia für Training, Sportplätze und längere Aufenthalte. Prüfe die verfügbaren Abhol- und Lieferoptionen.","https://rentandroll.com/de/rental/fitness-wellness","[""Sportausrüstung mieten in Valencia""]","{""en"":""https://rentandroll.com/rental/fitness-wellness"",""es"":""https://rentandroll.com/es/rental/fitness-wellness"",""de"":""https://rentandroll.com/de/rental/fitness-wellness"",""x-default"":""https://rentandroll.com/rental/fitness-wellness""}","[""CollectionPage"",""BreadcrumbList"",""FAQPage""]","Existing owner retained; German type and local intent sense-checked; no new URL","true"
"/rental/home-living","category","Mobile Klimaanlage mieten in Valencia","Broad rental need; generic category owner","Mobile Klimaanlage mieten in Valencia","Miete mobile Klimaanlagen, Luftreiniger und Ausstattung für mehr Wohnkomfort in Valencia, mit Lieferung und Rückholung für kurze und lange Aufenthalte.","https://rentandroll.com/de/rental/home-living","[""Ausstattung für mehr Wohnkomfort in Valencia mieten""]","{""en"":""https://rentandroll.com/rental/home-living"",""es"":""https://rentandroll.com/es/rental/home-living"",""de"":""https://rentandroll.com/de/rental/home-living"",""x-default"":""https://rentandroll.com/rental/home-living""}","[""CollectionPage"",""BreadcrumbList"",""FAQPage""]","Existing owner retained; German type and local intent sense-checked; no new URL","true"
"/rental/kids-family","category","Ausstattung für Kinder und Familien mieten in Valencia","Broad rental need; generic category owner","Ausstattung für Kinder und Familien mieten in Valencia","Miete Laufräder, Spielzeug und praktische Familienausstattung in Valencia. Flexible Abhol- und Lieferoptionen für deinen Aufenthalt.","https://rentandroll.com/de/rental/kids-family","[""Ausstattung für Kinder und Familien mieten in Valencia""]","{""en"":""https://rentandroll.com/rental/kids-family"",""es"":""https://rentandroll.com/es/rental/kids-family"",""de"":""https://rentandroll.com/de/rental/kids-family"",""x-default"":""https://rentandroll.com/rental/kids-family""}","[""CollectionPage"",""BreadcrumbList"",""FAQPage""]","Existing owner retained; German type and local intent sense-checked; no new URL","true"
"/rental/mobility","category","Mobilitätshilfen mieten in Valencia","Broad rental need; generic category owner","Mobilitätshilfen mieten in Valencia","Miete Rollstühle, Elektromobile, Rollatoren und Alltagshilfen in Valencia, mit Lieferung und Rückholung für dein Hotel oder Apartment.","https://rentandroll.com/de/rental/mobility","[""Mobilitätshilfen mieten in Valencia""]","{""en"":""https://rentandroll.com/rental/mobility"",""es"":""https://rentandroll.com/es/rental/mobility"",""de"":""https://rentandroll.com/de/rental/mobility"",""x-default"":""https://rentandroll.com/rental/mobility""}","[""CollectionPage"",""BreadcrumbList"",""FAQPage""]","Existing owner retained; German type and local intent sense-checked; no new URL","true"
"/rental/mobility/mobility-scooters","family","Elektromobil mieten in Valencia","Product-type choice; generic family owner","Elektromobil mieten in Valencia | Rent&Roll","Vergleiche faltbare, klassische und stärker belastbare Elektromobile in Valencia. Prüfe Zugang, Transport und Mietdaten vor der Buchung.","https://rentandroll.com/de/rental/mobility/mobility-scooters","[""Elektromobil mieten in Valencia""]","{""en"":""https://rentandroll.com/rental/mobility/mobility-scooters"",""es"":""https://rentandroll.com/es/rental/mobility/mobility-scooters"",""de"":""https://rentandroll.com/de/rental/mobility/mobility-scooters"",""x-default"":""https://rentandroll.com/rental/mobility/mobility-scooters""}","[""CollectionPage"",""BreadcrumbList"",""FAQPage""]","Existing owner retained; German type and local intent sense-checked; no new URL","true"
"/rental/mobility/wheelchairs","family","Rollstuhl mieten in Valencia","Product-type choice; generic family owner","Rollstuhl mieten in Valencia | Rent&Roll","Miete einen Rollstuhl in Valencia und organisiere ihn vor deiner Reise. Vergleiche aktuelle Modelle, Preise und die Verfügbarkeit für deine Daten.","https://rentandroll.com/de/rental/mobility/wheelchairs","[""Rollstuhl mieten in Valencia""]","{""en"":""https://rentandroll.com/rental/mobility/wheelchairs"",""es"":""https://rentandroll.com/es/rental/mobility/wheelchairs"",""de"":""https://rentandroll.com/de/rental/mobility/wheelchairs"",""x-default"":""https://rentandroll.com/rental/mobility/wheelchairs""}","[""CollectionPage"",""BreadcrumbList"",""FAQPage""]","Existing owner retained; German type and local intent sense-checked; no new URL","true"
"/rental/remote-work","category","Homeoffice-Ausstattung mieten in Valencia","Broad rental need; generic category owner","Homeoffice-Ausstattung mieten in Valencia","Miete Monitore, höhenverstellbare Schreibtische und ergonomische Büroausstattung in Valencia. Prüfe Lieferoptionen für dein mobiles Arbeiten vor Ort.","https://rentandroll.com/de/rental/remote-work","[""Homeoffice-Ausstattung mieten in Valencia""]","{""en"":""https://rentandroll.com/rental/remote-work"",""es"":""https://rentandroll.com/es/rental/remote-work"",""de"":""https://rentandroll.com/de/rental/remote-work"",""x-default"":""https://rentandroll.com/rental/remote-work""}","[""CollectionPage"",""BreadcrumbList"",""FAQPage""]","Existing owner retained; German type and local intent sense-checked; no new URL","true"
"/rental/travel-outdoors","category","Strandausstattung mieten in Valencia","Broad rental need; generic category owner","Strandausstattung mieten in Valencia","Miete Sonnenschirme, Strandmuscheln und Strandausstattung in Valencia. Prüfe Abholung und Lieferung für Strandtage an Malvarrosa oder Patacona.","https://rentandroll.com/de/rental/travel-outdoors","[""Strandausstattung mieten in Valencia""]","{""en"":""https://rentandroll.com/rental/travel-outdoors"",""es"":""https://rentandroll.com/es/rental/travel-outdoors"",""de"":""https://rentandroll.com/de/rental/travel-outdoors"",""x-default"":""https://rentandroll.com/rental/travel-outdoors""}","[""CollectionPage"",""BreadcrumbList"",""FAQPage""]","Existing owner retained; German type and local intent sense-checked; no new URL","true"
"/terms","static","Mietbedingungen Rent&Roll Valencia","Established brand, service, navigation or policy intent","Mietbedingungen | Rent&Roll Valencia","Lies die Mietbedingungen von Rent&Roll in Valencia: Informationen zu Buchung, Zahlung, Nutzung der Mietartikel, Rückgabe und deinen Pflichten.","https://rentandroll.com/de/terms","[""Mietbedingungen""]","{""en"":""https://rentandroll.com/terms"",""es"":""https://rentandroll.com/es/terms"",""de"":""https://rentandroll.com/de/terms"",""x-default"":""https://rentandroll.com/terms""}","[]","Existing owner retained; German type and local intent sense-checked; no new URL","true"
"/valencia","static","Kinderwagen, Rollstühle & mehr mieten in Valencia","Established brand, service, navigation or policy intent","Kinderwagen, Rollstühle & mehr mieten in Valencia","Miete Babyausstattung, Mobilitätshilfen, Arbeits- und Strandausstattung in Valencia. Prüfe die Verfügbarkeit und wähle Abholung oder Lieferung.","https://rentandroll.com/de/valencia","[""Mietartikel in Valencia""]","{""en"":""https://rentandroll.com/valencia"",""es"":""https://rentandroll.com/es/valencia"",""de"":""https://rentandroll.com/de/valencia"",""x-default"":""https://rentandroll.com/valencia""}","[""CollectionPage""]","Existing owner retained; German type and local intent sense-checked; no new URL","true"
"/valencia/host-services","static","Mietausstattung für Ferienwohnungen in Valencia","Established brand, service, navigation or policy intent","Mietausstattung für Ferienwohnungen in Valencia","Mietausstattung für Gastgeber in Valencia: Bereite deine Ferienwohnung auf Familien, mobiles Arbeiten und längere Aufenthalte deiner Gäste vor.","https://rentandroll.com/de/valencia/host-services","[""Ausstattung für Gäste ohne dauerhaften Lagerbedarf""]","{""en"":""https://rentandroll.com/valencia/host-services"",""es"":""https://rentandroll.com/es/valencia/servicios-anfitriones"",""de"":""https://rentandroll.com/de/valencia/host-services"",""x-default"":""https://rentandroll.com/valencia/host-services""}","[""Service"",""BreadcrumbList"",""FAQPage""]","Existing owner retained; German type and local intent sense-checked; no new URL","true"
"/valencia/kits","static","Mietpakete in Valencia","Established brand, service, navigation or policy intent","Mietpakete in Valencia | Rent&Roll","Finde passende Mietpakete für deinen Aufenthalt in Valencia: für Babys, Strandtage, mobiles Arbeiten und mehr. Prüfe die Verfügbarkeit für deine Daten.","https://rentandroll.com/de/valencia/kits","[""Mit leichtem Gepäck reisen. Dich wie zu Hause fühlen.""]","{""en"":""https://rentandroll.com/valencia/kits"",""es"":""https://rentandroll.com/es/valencia/kits"",""de"":""https://rentandroll.com/de/valencia/kits"",""x-default"":""https://rentandroll.com/valencia/kits""}","[]","Existing owner retained; German type and local intent sense-checked; no new URL","true"
"/valencia/kits/accessible-valencia-kit","kit","Mobilitätspaket in Valencia mieten","Multi-item stay scenario; existing kit owner","Mobilitätspaket in Valencia mieten","Frage Mobilitätshilfen in Valencia mit Rollstuhl, Rollator, Duschstuhl oder Toilettensitzerhöhung an. Prüfe auch passende Elektromobil-Optionen.","https://rentandroll.com/de/valencia/kits/accessible-valencia-kit","[""Mobilitätspaket für Valencia""]","{""en"":""https://rentandroll.com/valencia/kits/accessible-valencia-kit"",""es"":""https://rentandroll.com/es/valencia/kits/accessible-valencia-kit"",""de"":""https://rentandroll.com/de/valencia/kits/accessible-valencia-kit"",""x-default"":""https://rentandroll.com/valencia/kits/accessible-valencia-kit""}","[""Product"",""FAQPage"",""BreadcrumbList""]","Existing owner retained; German type and local intent sense-checked; no new URL","true"
"/valencia/kits/baby-arrival-kit","kit","Babypaket für die Ankunft in Valencia mieten","Multi-item stay scenario; existing kit owner","Babypaket für die Ankunft in Valencia mieten","Organisiere Babyartikel in Valencia mit Reisebett, Hochstuhl, Kinderwagen, Badewanne und Spielmatte. Frage passende Ergänzungen für eure Ankunft an.","https://rentandroll.com/de/valencia/kits/baby-arrival-kit","[""Babypaket für deine Ankunft in Valencia""]","{""en"":""https://rentandroll.com/valencia/kits/baby-arrival-kit"",""es"":""https://rentandroll.com/es/valencia/kits/baby-arrival-kit"",""de"":""https://rentandroll.com/de/valencia/kits/baby-arrival-kit"",""x-default"":""https://rentandroll.com/valencia/kits/baby-arrival-kit""}","[""Product"",""FAQPage"",""BreadcrumbList""]","Existing owner retained; German type and local intent sense-checked; no new URL","true"
"/valencia/kits/family-beach-kit","kit","Strandpaket für Familien mieten in Valencia","Multi-item stay scenario; existing kit owner","Strandpaket für Familien mieten in Valencia","Frage ein Strandpaket in Valencia mit Wagen, Schatten, Kühlbox, Stühlen und Spielzeug an. Ergänze passende Artikel für deine Familie und Unterkunft.","https://rentandroll.com/de/valencia/kits/family-beach-kit","[""Strandpaket für Familien in Valencia""]","{""en"":""https://rentandroll.com/valencia/kits/family-beach-kit"",""es"":""https://rentandroll.com/es/valencia/kits/family-beach-kit"",""de"":""https://rentandroll.com/de/valencia/kits/family-beach-kit"",""x-default"":""https://rentandroll.com/valencia/kits/family-beach-kit""}","[""Product"",""FAQPage"",""BreadcrumbList""]","Existing owner retained; German type and local intent sense-checked; no new URL","true"
"/valencia/kits/grandparents-visiting-kit","kit","Mietpaket für Großeltern in Valencia","Multi-item stay scenario; existing kit owner","Mietpaket für Großeltern in Valencia","Frage Mobilitätshilfen, Unterstützung im Bad, Kühlung und Komfortartikel für Großeltern oder ältere Gäste an, die deine Familie in Valencia besuchen.","https://rentandroll.com/de/valencia/kits/grandparents-visiting-kit","[""Mietpaket für den Besuch der Großeltern in Valencia""]","{""en"":""https://rentandroll.com/valencia/kits/grandparents-visiting-kit"",""es"":""https://rentandroll.com/es/valencia/kits/grandparents-visiting-kit"",""de"":""https://rentandroll.com/de/valencia/kits/grandparents-visiting-kit"",""x-default"":""https://rentandroll.com/valencia/kits/grandparents-visiting-kit""}","[""Product"",""FAQPage"",""BreadcrumbList""]","Existing owner retained; German type and local intent sense-checked; no new URL","true"
"/valencia/kits/long-stay-kitchen-upgrade-kit","kit","Küchenpaket für längere Aufenthalte in Valencia","Multi-item stay scenario; existing kit owner","Küchenpaket für längere Aufenthalte in Valencia","Frage praktische Küchenartikel und Komfort für dein Apartment in Valencia an. Für Familien, längere Aufenthalte und Gäste, die von unterwegs arbeiten.","https://rentandroll.com/de/valencia/kits/long-stay-kitchen-upgrade-kit","[""Küchenpaket für längere Aufenthalte in Valencia""]","{""en"":""https://rentandroll.com/valencia/kits/long-stay-kitchen-upgrade-kit"",""es"":""https://rentandroll.com/es/valencia/kits/long-stay-kitchen-upgrade-kit"",""de"":""https://rentandroll.com/de/valencia/kits/long-stay-kitchen-upgrade-kit"",""x-default"":""https://rentandroll.com/valencia/kits/long-stay-kitchen-upgrade-kit""}","[""Product"",""FAQPage"",""BreadcrumbList""]","Existing owner retained; German type and local intent sense-checked; no new URL","true"
"/valencia/kits/remote-work-apartment-kit","kit","Arbeitsplatzpaket in Valencia mieten","Multi-item stay scenario; existing kit owner","Arbeitsplatzpaket in Valencia mieten","Frage einen Arbeitsplatz in Valencia mit Monitor, Laptopständer, Tastatur, Maus und Kabeln an. Ergänze nach Bedarf einen passenden Bürostuhl.","https://rentandroll.com/de/valencia/kits/remote-work-apartment-kit","[""Arbeitsplatzpaket für dein Apartment in Valencia""]","{""en"":""https://rentandroll.com/valencia/kits/remote-work-apartment-kit"",""es"":""https://rentandroll.com/es/valencia/kits/remote-work-apartment-kit"",""de"":""https://rentandroll.com/de/valencia/kits/remote-work-apartment-kit"",""x-default"":""https://rentandroll.com/valencia/kits/remote-work-apartment-kit""}","[""Product"",""FAQPage"",""BreadcrumbList""]","Existing owner retained; German type and local intent sense-checked; no new URL","true"
"/valencia/kits/summer-apartment-survival-kit","kit","Sommerpaket fürs Apartment in Valencia mieten","Multi-item stay scenario; existing kit owner","Sommerpaket fürs Apartment in Valencia mieten","Frage Kühlung und Komfort für dein Apartment in Valencia an: mobiles Klimagerät, Ventilator, Verdunkelung, Luftreiniger und Schatten für den Strand.","https://rentandroll.com/de/valencia/kits/summer-apartment-survival-kit","[""Sommerpaket für dein Apartment in Valencia""]","{""en"":""https://rentandroll.com/valencia/kits/summer-apartment-survival-kit"",""es"":""https://rentandroll.com/es/valencia/kits/summer-apartment-survival-kit"",""de"":""https://rentandroll.com/de/valencia/kits/summer-apartment-survival-kit"",""x-default"":""https://rentandroll.com/valencia/kits/summer-apartment-survival-kit""}","[""Product"",""FAQPage"",""BreadcrumbList""]","Existing owner retained; German type and local intent sense-checked; no new URL","true"
"/valencia/kits/toddler-city-kit","kit","Stadtpaket für Kleinkinder mieten in Valencia","Multi-item stay scenario; existing kit owner","Stadtpaket für Kleinkinder mieten in Valencia","Frage ein Paket für Valencia mit Kinderwagen, Roller oder Laufrad, Helm und Spielzeug an. Ergänze passende Strandartikel für deinen Familienaufenthalt.","https://rentandroll.com/de/valencia/kits/toddler-city-kit","[""Stadtpaket für Kleinkinder in Valencia""]","{""en"":""https://rentandroll.com/valencia/kits/toddler-city-kit"",""es"":""https://rentandroll.com/es/valencia/kits/toddler-city-kit"",""de"":""https://rentandroll.com/de/valencia/kits/toddler-city-kit"",""x-default"":""https://rentandroll.com/valencia/kits/toddler-city-kit""}","[""Product"",""FAQPage"",""BreadcrumbList""]","Existing owner retained; German type and local intent sense-checked; no new URL","true"
"/valencia/kits/turia-beach-explorer","kit","E-Bike und Kinderanhänger mieten in Valencia","Multi-item stay scenario; existing kit owner","E-Bike und Kinderanhänger mieten in Valencia","Plane einen Familienausflug in Valencia mit E-Bike, Hamax-Anhänger und Sonnenschutz. Frage Termine, passende Größen und Lieferung gemeinsam an.","https://rentandroll.com/de/valencia/kits/turia-beach-explorer","[""Familienausflug durch die Turia-Gärten und zum Strand""]","{""en"":""https://rentandroll.com/valencia/kits/turia-beach-explorer"",""es"":""https://rentandroll.com/es/valencia/kits/turia-beach-explorer"",""de"":""https://rentandroll.com/de/valencia/kits/turia-beach-explorer"",""x-default"":""https://rentandroll.com/valencia/kits/turia-beach-explorer""}","[""Product"",""FAQPage"",""BreadcrumbList""]","Existing owner retained; German type and local intent sense-checked; no new URL","true"
